time,mean,variance,standard_deviation,minimum,maximum,count
0.1666666666666666,0.2569683790206909,,,0.2569683790206909,0.2569683790206909,1
0.3,0.3724922239780426,,,0.3724922239780426,0.3724922239780426,1
0.3333333333333333,0.3643987774848938,,,0.3643987774848938,0.3643987774848938,1
0.3666666666666666,0.2673265635967254,,,0.2673265635967254,0.2673265635967254,1
0.4,0.4534763395786285,,,0.4534763395786285,0.4534763395786285,1
0.4333333333333333,0.401486337184906,,,0.401486337184906,0.401486337184906,1
0.4666666666666667,0.2683769166469574,,,0.2683769166469574,0.2683769166469574,1
0.5,0.3101073205471039,,,0.3101073205471039,0.3101073205471039,1
0.5333333333333333,0.3393037319183349,,,0.3393037319183349,0.3393037319183349,1
0.5666666666666667,0.3121006786823272,,,0.3121006786823272,0.3121006786823272,1
0.6,0.4269545674324035,,,0.4269545674324035,0.4269545674324035,1
0.6333333333333333,0.3492631316184997,,,0.3492631316184997,0.3492631316184997,1
0.6666666666666666,0.3335813581943512,,,0.3335813581943512,0.3335813581943512,1
0.7,0.3289333879947662,,,0.3289333879947662,0.3289333879947662,1
0.7333333333333333,0.3139836192131042,,,0.3139836192131042,0.3139836192131042,1
0.7666666666666667,0.2766636908054352,,,0.2766636908054352,0.2766636908054352,1
0.8,0.2995511293411255,,,0.2995511293411255,0.2995511293411255,1
0.8333333333333334,0.2633315026760101,,,0.2633315026760101,0.2633315026760101,1
0.8666666666666667,0.3209626078605652,,,0.3209626078605652,0.3209626078605652,1
0.9,0.3848063349723816,,,0.3848063349723816,0.3848063349723816,1
0.9333333333333332,0.338663637638092,,,0.338663637638092,0.338663637638092,1
0.9666666666666668,0.3302095830440521,,,0.3302095830440521,0.3302095830440521,1
1.0,0.39917637407779694,0.010479710932110198,0.10237045927468626,0.326789528131485,0.4715632200241089,2
1.0333333333333334,0.39274366199970245,0.031216205857127942,0.17668108517078998,0.2678112685680389,0.517676055431366,2
1.0666666666666669,0.45577476918697357,0.018500281672441776,0.13601574053190232,0.3595971167087555,0.5519524216651917,2
1.1,0.5205081105232239,0.055808579936702074,0.23623839640647343,0.3534623384475708,0.687553882598877,2
1.1333333333333333,0.44153399765491486,0.0073230559536452515,0.08557485584939803,0.3810234367847442,0.5020445585250854,2
1.1666666666666667,0.4222005605697632,0.05441894073073428,0.2332786761166444,0.2572476267814636,0.5871534943580627,2
1.2,0.33860994875431055,0.007535948807735782,0.08680984280446419,0.2772261202335357,0.3999937772750854,2
1.2333333333333334,0.38786090910434723,0.0310179964481887,0.1761192676801397,0.2633257806301117,0.5123960375785828,2
1.2666666666666666,0.4013499319553375,0.018012363951875436,0.13421014846827134,0.3064490258693695,0.4962508380413055,2
1.3,0.3032732506593068,0.00134637227205333,0.03669294580778886,0.2610120773315429,0.3270243704319,3
1.3333333333333333,0.3935128003358841,0.007887539035778431,0.08881181810873164,0.3307133615016937,0.4563122391700744,2
1.3666666666666667,0.4716312140226364,0.026563094598586655,0.16298188426505153,0.3563856184482574,0.5868768095970154,2
1.4,0.4522649645805359,0.009332518308042381,0.09660496005921425,0.3839549422264099,0.5205749869346619,2
1.4333333333333331,0.3960428833961487,0.0020338801952064483,0.045098560899505966,0.3641533851623535,0.4279323816299438,2
1.4666666666666666,0.3317697197198868,0.007401820769914469,0.08603383502968161,0.2709346115589142,0.3926048278808594,2
1.5,0.32948434352874756,0.007506170355277675,0.08663815761705505,0.268221914768219,0.3907467722892761,2
1.5333333333333334,0.3360893428325653,,,0.3360893428325653,0.3360893428325653,1
1.5666666666666669,0.3491178900003433,0.0007816147827743869,0.027957374389852616,0.3293490409851074,0.3688867390155792,2
1.6,0.310710996389389,,,0.310710996389389,0.310710996389389,1
1.6333333333333333,0.3035433888435364,,,0.3035433888435364,0.3035433888435364,1
1.6666666666666667,0.32668203115463257,7.075686802871061e-05,0.008411710172652801,0.3207340538501739,0.3326300084590912,2
1.7,0.3575448840856552,0.014396101153846264,0.1199837537079344,0.2727035582065582,0.4423862099647522,2
1.7333333333333334,0.3059963583946228,,,0.3059963583946228,0.3059963583946228,1
1.7666666666666666,0.2672826647758484,,,0.2672826647758484,0.2672826647758484,1
1.8,0.3025207221508026,0.0009238458126947791,0.030394832006358896,0.2810283303260803,0.3240131139755249,2
1.8333333333333333,0.36770935356616974,0.019419931595355173,0.1393554146610571,0.269170194864273,0.4662485122680664,2
1.8666666666666667,0.392486035823822,0.03114381527350931,0.17647610397305724,0.267698585987091,0.517273485660553,2
1.9,0.35304446518421173,0.0023821848518790194,0.04880763108243443,0.318532258272171,0.3875566720962524,2
1.9333333333333331,0.4572716355323791,,,0.4572716355323791,0.4572716355323791,1
1.9666666666666663,0.3394427746534347,0.0029690264245236797,0.0544887733806119,0.300913393497467,0.3779721558094024,2
2.0,0.5281168222427368,,,0.5281168222427368,0.5281168222427368,1
2.033333333333333,0.3888873755931854,0.03627708527581497,0.19046544378394462,0.254207968711853,0.5235667824745178,2
2.066666666666667,0.4427320212125778,0.03272823552073634,0.18090946774764535,0.3148097097873688,0.5706543326377869,2
2.1,0.42755937576293945,0.040699580162772996,0.20174136948770074,0.2849066853523254,0.5702120661735535,2
2.1333333333333333,0.3569770008325577,0.011886162034724364,0.10902367648691895,0.2798856198787689,0.4340683817863464,2
2.1666666666666665,0.4386439472436905,0.0052447697063802146,0.07242078228229942,0.387434720993042,0.489853173494339,2
2.2,0.447953462600708,0.05328289121382568,0.2308308714488287,0.284731388092041,0.611175537109375,2
2.2333333333333334,0.3390654623508453,,,0.3390654623508453,0.3390654623508453,1
2.2666666666666666,0.4334877282381058,0.01812003814309948,0.13461069104309464,0.3383035957813263,0.5286718606948853,2
2.3,0.39918117225170135,0.032842676347439446,0.1812254848177801,0.2710354030132293,0.5273269414901733,2
2.333333333333333,0.3987375497817993,,,0.3987375497817993,0.3987375497817993,1
2.4,0.2684091925621032,,,0.2684091925621032,0.2684091925621032,1
2.433333333333333,0.2523881793022156,,,0.2523881793022156,0.2523881793022156,1
2.466666666666667,0.2539728879928589,,,0.2539728879928589,0.2539728879928589,1
2.533333333333333,0.353821724653244,,,0.353821724653244,0.353821724653244,1
2.6333333333333333,0.2914434373378753,,,0.2914434373378753,0.2914434373378753,1
2.6666666666666665,0.2617115080356598,,,0.2617115080356598,0.2617115080356598,1
2.7333333333333334,0.4475172460079193,,,0.4475172460079193,0.4475172460079193,1
2.9,0.2833437025547027,,,0.2833437025547027,0.2833437025547027,1
2.933333333333333,0.2981554567813873,,,0.2981554567813873,0.2981554567813873,1
2.966666666666667,0.297948807477951,0.002975425705244561,0.05454746286716332,0.2593779265880584,0.3365196883678436,2
3.033333333333333,0.2793287932872772,,,0.2793287932872772,0.2793287932872772,1
3.066666666666667,0.4851434528827667,,,0.4851434528827667,0.4851434528827667,1
3.1,0.3588425517082214,,,0.3588425517082214,0.3588425517082214,1
3.1666666666666665,0.2783674597740173,,,0.2783674597740173,0.2783674597740173,1
3.3666666666666667,0.2985114455223083,,,0.2985114455223083,0.2985114455223083,1
3.4,0.3384526968002319,,,0.3384526968002319,0.3384526968002319,1
3.966666666666667,0.3168641328811645,,,0.3168641328811645,0.3168641328811645,1
4.033333333333333,0.3817508518695831,,,0.3817508518695831,0.3817508518695831,1
4.066666666666666,0.3140274584293365,,,0.3140274584293365,0.3140274584293365,1
4.1,0.2792752385139465,,,0.2792752385139465,0.2792752385139465,1
4.133333333333334,0.3667158186435699,,,0.3667158186435699,0.3667158186435699,1
4.166666666666667,0.3012009859085083,,,0.3012009859085083,0.3012009859085083,1
4.2,0.3978510797023773,,,0.3978510797023773,0.3978510797023773,1
4.266666666666667,0.4418764412403106,,,0.4418764412403106,0.4418764412403106,1
4.3,0.4039354026317596,,,0.4039354026317596,0.4039354026317596,1
4.333333333333333,0.4524322152137756,,,0.4524322152137756,0.4524322152137756,1
4.366666666666666,0.2557175457477569,,,0.2557175457477569,0.2557175457477569,1
4.4,0.3193526864051819,,,0.3193526864051819,0.3193526864051819,1
4.433333333333334,0.3239171802997589,,,0.3239171802997589,0.3239171802997589,1
4.466666666666667,0.4215983152389526,,,0.4215983152389526,0.4215983152389526,1
4.5,0.5246871113777161,,,0.5246871113777161,0.5246871113777161,1
4.533333333333333,0.5421472191810608,,,0.5421472191810608,0.5421472191810608,1
4.566666666666666,0.3567044138908386,0.00861780673088219,0.09283214276791305,0.2910621762275696,0.4223466515541076,2
4.6,0.4086272716522217,,,0.4086272716522217,0.4086272716522217,1
4.633333333333334,0.404022067785263,,,0.404022067785263,0.404022067785263,1
4.666666666666667,0.4205467104911804,,,0.4205467104911804,0.4205467104911804,1
4.7,0.4232147932052612,,,0.4232147932052612,0.4232147932052612,1
4.733333333333333,0.3148877918720245,,,0.3148877918720245,0.3148877918720245,1
4.766666666666667,0.3176810145378113,,,0.3176810145378113,0.3176810145378113,1
4.8,0.2764124572277069,,,0.2764124572277069,0.2764124572277069,1
4.833333333333333,0.3239764273166656,,,0.3239764273166656,0.3239764273166656,1
5.066666666666666,0.2899287343025207,,,0.2899287343025207,0.2899287343025207,1
5.1,0.3626385331153869,,,0.3626385331153869,0.3626385331153869,1
5.133333333333334,0.3324751257896423,,,0.3324751257896423,0.3324751257896423,1
5.166666666666667,0.3080492615699768,,,0.3080492615699768,0.3080492615699768,1
5.2,0.3650032579898834,,,0.3650032579898834,0.3650032579898834,1
5.233333333333333,0.3686447739601135,,,0.3686447739601135,0.3686447739601135,1
5.266666666666667,0.3595490753650665,,,0.3595490753650665,0.3595490753650665,1
5.3,0.3419153094291687,,,0.3419153094291687,0.3419153094291687,1
5.333333333333333,0.2959061563014984,,,0.2959061563014984,0.2959061563014984,1
5.366666666666666,0.3570252656936645,,,0.3570252656936645,0.3570252656936645,1
5.4,0.2586100101470947,,,0.2586100101470947,0.2586100101470947,1
5.433333333333334,0.2535782158374786,,,0.2535782158374786,0.2535782158374786,1
5.5,0.2573459148406982,,,0.2573459148406982,0.2573459148406982,1
5.566666666666666,0.2808272540569305,0.0014680960948272315,0.03831574212810228,0.2537339329719543,0.3079205751419067,2
5.633333333333334,0.2645807564258575,,,0.2645807564258575,0.2645807564258575,1
5.766666666666667,0.4011062681674957,,,0.4011062681674957,0.4011062681674957,1
5.8,0.3671503663063049,,,0.3671503663063049,0.3671503663063049,1
5.833333333333333,0.3615240752696991,,,0.3615240752696991,0.3615240752696991,1
5.866666666666666,0.4364292025566101,,,0.4364292025566101,0.4364292025566101,1
5.9,0.4217023849487304,,,0.4217023849487304,0.4217023849487304,1
5.933333333333334,0.4676970243453979,,,0.4676970243453979,0.4676970243453979,1
5.966666666666667,0.2530613839626312,,,0.2530613839626312,0.2530613839626312,1
6.033333333333333,0.2566766142845154,,,0.2566766142845154,0.2566766142845154,1
6.133333333333334,0.2645499110221863,,,0.2645499110221863,0.2645499110221863,1
6.233333333333333,0.2713211178779602,,,0.2713211178779602,0.2713211178779602,1
6.3,0.3303481042385101,,,0.3303481042385101,0.3303481042385101,1
6.333333333333333,0.3095636069774627,,,0.3095636069774627,0.3095636069774627,1
6.366666666666666,0.3682515025138855,,,0.3682515025138855,0.3682515025138855,1
6.4,0.4241421818733215,,,0.4241421818733215,0.4241421818733215,1
6.433333333333334,0.3831040263175964,,,0.3831040263175964,0.3831040263175964,1
6.466666666666667,0.3249768614768982,,,0.3249768614768982,0.3249768614768982,1
6.5,0.2746104896068573,,,0.2746104896068573,0.2746104896068573,1
6.533333333333333,0.2854267954826355,,,0.2854267954826355,0.2854267954826355,1
6.566666666666666,0.3113914132118225,,,0.3113914132118225,0.3113914132118225,1
6.6,0.3997078835964203,,,0.3997078835964203,0.3997078835964203,1
6.633333333333334,0.2998205125331878,,,0.2998205125331878,0.2998205125331878,1
6.666666666666667,0.3691067695617676,0.005056001914526928,0.0711055688010927,0.3188275396823883,0.4193859994411468,2
6.7,0.3827392160892486,,,0.3827392160892486,0.3827392160892486,1
6.733333333333333,0.3783552050590515,,,0.3783552050590515,0.3783552050590515,1
6.766666666666667,0.4467454850673675,,,0.4467454850673675,0.4467454850673675,1
6.8,0.3007851243019104,,,0.3007851243019104,0.3007851243019104,1
6.833333333333333,0.3346664309501648,,,0.3346664309501648,0.3346664309501648,1
6.866666666666666,0.4840697050094604,,,0.4840697050094604,0.4840697050094604,1
6.9,0.3415918946266174,,,0.3415918946266174,0.3415918946266174,1
6.933333333333334,0.3773490786552429,,,0.3773490786552429,0.3773490786552429,1
6.966666666666667,0.3137335777282715,,,0.3137335777282715,0.3137335777282715,1
7.0,0.2500575482845306,,,0.2500575482845306,0.2500575482845306,1
7.033333333333333,0.274644672870636,,,0.274644672870636,0.274644672870636,1
7.133333333333334,0.2785492539405823,,,0.2785492539405823,0.2785492539405823,1
7.166666666666667,0.35660520195961,,,0.35660520195961,0.35660520195961,1
7.2,0.3661763668060303,,,0.3661763668060303,0.3661763668060303,1
7.233333333333333,0.6326764822006226,,,0.6326764822006226,0.6326764822006226,1
7.266666666666667,0.3632193505764007,,,0.3632193505764007,0.3632193505764007,1
7.3,0.3619187474250793,,,0.3619187474250793,0.3619187474250793,1
7.366666666666666,0.2873371541500091,,,0.2873371541500091,0.2873371541500091,1
7.566666666666666,0.2551072537899017,,,0.2551072537899017,0.2551072537899017,1
7.7,0.3103692233562469,,,0.3103692233562469,0.3103692233562469,1
7.733333333333333,0.3649532794952392,,,0.3649532794952392,0.3649532794952392,1
7.766666666666667,0.2656924128532409,,,0.2656924128532409,0.2656924128532409,1
7.8,0.2797701060771942,,,0.2797701060771942,0.2797701060771942,1
7.833333333333333,0.2865794599056244,,,0.2865794599056244,0.2865794599056244,1
7.933333333333334,0.3032419085502624,,,0.3032419085502624,0.3032419085502624,1
7.966666666666667,0.3346930146217346,,,0.3346930146217346,0.3346930146217346,1
8.0,0.447953462600708,,,0.447953462600708,0.447953462600708,1
8.033333333333333,0.36519788205623627,0.011392229179634684,0.10673438611635279,0.2897252738475799,0.4406704902648926,2
8.066666666666666,0.2833982408046722,,,0.2833982408046722,0.2833982408046722,1
8.1,0.30374257266521454,0.0027086747924731707,0.05204493051655627,0.2669412493705749,0.3405438959598541,2
8.166666666666666,0.2804669141769409,,,0.2804669141769409,0.2804669141769409,1
8.333333333333334,0.3792287111282348,,,0.3792287111282348,0.3792287111282348,1
8.633333333333333,0.3300985991954803,,,0.3300985991954803,0.3300985991954803,1
8.666666666666666,0.3420771658420563,,,0.3420771658420563,0.3420771658420563,1
8.733333333333333,0.3051009476184845,,,0.3051009476184845,0.3051009476184845,1
8.766666666666667,0.3034444749355316,,,0.3034444749355316,0.3034444749355316,1
8.8,0.442607045173645,,,0.442607045173645,0.442607045173645,1
8.833333333333334,0.3119482100009918,,,0.3119482100009918,0.3119482100009918,1
9.066666666666666,0.291865587234497,,,0.291865587234497,0.291865587234497,1
9.1,0.2640341520309448,,,0.2640341520309448,0.2640341520309448,1
9.533333333333331,0.2548241019248962,,,0.2548241019248962,0.2548241019248962,1
9.733333333333333,0.3107919096946716,,,0.3107919096946716,0.3107919096946716,1
9.766666666666667,0.2667048573493957,,,0.2667048573493957,0.2667048573493957,1
10.466666666666669,0.2831135094165802,,,0.2831135094165802,0.2831135094165802,1
10.533333333333331,0.2644546329975128,,,0.2644546329975128,0.2644546329975128,1
10.9,0.2619930207729339,,,0.2619930207729339,0.2619930207729339,1
10.933333333333334,0.2757091820240021,,,0.2757091820240021,0.2757091820240021,1
10.966666666666669,0.2621251940727234,,,0.2621251940727234,0.2621251940727234,1
11.766666666666667,0.2890525162220001,,,0.2890525162220001,0.2890525162220001,1
11.8,0.2910352051258087,,,0.2910352051258087,0.2910352051258087,1
12.5,0.2996308207511902,,,0.2996308207511902,0.2996308207511902,1
12.566666666666666,0.264059841632843,,,0.264059841632843,0.264059841632843,1
12.633333333333333,0.4395406544208526,,,0.4395406544208526,0.4395406544208526,1
12.666666666666666,0.45344939827919,,,0.45344939827919,0.45344939827919,1
12.7,0.4626130759716034,,,0.4626130759716034,0.4626130759716034,1
12.733333333333333,0.3982119560241699,,,0.3982119560241699,0.3982119560241699,1
12.766666666666667,0.4704002141952514,,,0.4704002141952514,0.4704002141952514,1
12.8,0.353249728679657,,,0.353249728679657,0.353249728679657,1
12.833333333333334,0.4307842552661896,,,0.4307842552661896,0.4307842552661896,1
12.866666666666667,0.4875546991825104,,,0.4875546991825104,0.4875546991825104,1
12.9,0.4965488612651825,,,0.4965488612651825,0.4965488612651825,1
12.933333333333334,0.4948363006114959,,,0.4948363006114959,0.4948363006114959,1
12.966666666666669,0.5245087146759033,,,0.5245087146759033,0.5245087146759033,1
13.0,0.6516795754432678,,,0.6516795754432678,0.6516795754432678,1
13.033333333333331,0.6227813959121704,,,0.6227813959121704,0.6227813959121704,1
13.066666666666666,0.6149027943611145,,,0.6149027943611145,0.6149027943611145,1
13.1,0.641459047794342,,,0.641459047794342,0.641459047794342,1
13.133333333333333,0.4063618779182434,,,0.4063618779182434,0.4063618779182434,1
13.166666666666666,0.5401492118835449,,,0.5401492118835449,0.5401492118835449,1
13.2,0.4421907067298889,,,0.4421907067298889,0.4421907067298889,1
13.233333333333333,0.4322510063648224,,,0.4322510063648224,0.4322510063648224,1
13.266666666666667,0.3110198080539703,,,0.3110198080539703,0.3110198080539703,1
13.3,0.2746201455593109,,,0.2746201455593109,0.2746201455593109,1
13.433333333333334,0.2805527448654175,,,0.2805527448654175,0.2805527448654175,1
13.466666666666669,0.3563758134841919,,,0.3563758134841919,0.3563758134841919,1
13.5,0.2793731689453125,,,0.2793731689453125,0.2793731689453125,1
13.566666666666666,0.398455262184143,,,0.398455262184143,0.398455262184143,1
13.666666666666666,0.2564921379089355,,,0.2564921379089355,0.2564921379089355,1
13.7,0.327733039855957,,,0.327733039855957,0.327733039855957,1
13.733333333333333,0.382462590932846,,,0.382462590932846,0.382462590932846,1
13.766666666666667,0.2733965218067169,,,0.2733965218067169,0.2733965218067169,1
13.8,0.3116659522056579,,,0.3116659522056579,0.3116659522056579,1
13.833333333333334,0.3530237376689911,,,0.3530237376689911,0.3530237376689911,1
13.866666666666667,0.2711985111236572,,,0.2711985111236572,0.2711985111236572,1
14.0,0.3063048124313354,,,0.3063048124313354,0.3063048124313354,1
14.033333333333331,0.2540658116340637,,,0.2540658116340637,0.2540658116340637,1
14.133333333333333,0.4110185801982879,,,0.4110185801982879,0.4110185801982879,1
14.166666666666666,0.4392254054546356,,,0.4392254054546356,0.4392254054546356,1
14.2,0.411323219537735,,,0.411323219537735,0.411323219537735,1
14.233333333333333,0.4377511143684387,,,0.4377511143684387,0.4377511143684387,1
14.266666666666667,0.2511172294616699,,,0.2511172294616699,0.2511172294616699,1
14.3,0.3609410226345062,,,0.3609410226345062,0.3609410226345062,1
14.333333333333334,0.2757744491100311,,,0.2757744491100311,0.2757744491100311,1
14.366666666666667,0.2501899003982544,,,0.2501899003982544,0.2501899003982544,1
14.5,0.287453144788742,,,0.287453144788742,0.287453144788742,1
14.533333333333331,0.2605435252189636,,,0.2605435252189636,0.2605435252189636,1
14.566666666666666,0.2541382610797882,,,0.2541382610797882,0.2541382610797882,1
14.633333333333333,0.3395410478115082,,,0.3395410478115082,0.3395410478115082,1
14.666666666666666,0.4644723534584045,,,0.4644723534584045,0.4644723534584045,1
14.7,0.4760353565216064,,,0.4760353565216064,0.4760353565216064,1
14.733333333333333,0.3903380930423736,,,0.3903380930423736,0.3903380930423736,1
14.766666666666667,0.4961833357810974,,,0.4961833357810974,0.4961833357810974,1
14.8,0.4165283739566803,,,0.4165283739566803,0.4165283739566803,1
14.833333333333334,0.5162766575813293,,,0.5162766575813293,0.5162766575813293,1
14.866666666666667,0.3074626922607422,,,0.3074626922607422,0.3074626922607422,1
14.966666666666669,0.2500553727149963,,,0.2500553727149963,0.2500553727149963,1
15.0,0.3131648898124695,,,0.3131648898124695,0.3131648898124695,1
15.033333333333331,0.3439394831657409,,,0.3439394831657409,0.3439394831657409,1
15.066666666666666,0.3847820162773132,,,0.3847820162773132,0.3847820162773132,1
15.133333333333333,0.256697803735733,,,0.256697803735733,0.256697803735733,1
15.166666666666666,0.254578173160553,,,0.254578173160553,0.254578173160553,1
15.266666666666667,0.3231361210346222,,,0.3231361210346222,0.3231361210346222,1
15.3,0.35994353890419,,,0.35994353890419,0.35994353890419,1
15.333333333333334,0.365628182888031,,,0.365628182888031,0.365628182888031,1
15.366666666666667,0.4073987603187561,,,0.4073987603187561,0.4073987603187561,1
15.4,0.5364336967468262,,,0.5364336967468262,0.5364336967468262,1
15.433333333333334,0.380484014749527,,,0.380484014749527,0.380484014749527,1
15.466666666666669,0.3454457521438598,,,0.3454457521438598,0.3454457521438598,1
15.5,0.2626708149909973,,,0.2626708149909973,0.2626708149909973,1
15.566666666666666,0.2649046182632446,,,0.2649046182632446,0.2649046182632446,1
15.6,0.2662522792816162,,,0.2662522792816162,0.2662522792816162,1
15.633333333333333,0.257420539855957,,,0.257420539855957,0.257420539855957,1
15.766666666666667,0.2627472877502441,,,0.2627472877502441,0.2627472877502441,1
15.8,0.4185515344142914,0.023135310684383032,0.15210296080084382,0.3109984993934631,0.5261045694351196,2
15.833333333333334,0.32449714839458466,7.700275512734326e-05,0.008775121373937985,0.3182922005653381,0.3307020962238312,2
15.866666666666667,0.29699645936489105,0.0009070908089019447,0.030117948285066577,0.2756998538970947,0.3182930648326874,2
15.9,0.31879076361656183,0.005444143500949572,0.07378443942288626,0.2632951438426971,0.4025235772132873,3
15.933333333333334,0.5349637717008591,0.09201397547199663,0.30333805477057546,0.3204713761806488,0.7494561672210693,2
15.966666666666669,0.4662426859140396,0.08269463352272813,0.28756674620464745,0.2629022896289825,0.6695830821990967,2
16.0,0.43816785514354706,0.011068509551038108,0.10520698432631793,0.3637752830982208,0.5125604271888733,2
16.033333333333335,0.2823198735713959,,,0.2823198735713959,0.2823198735713959,1
16.066666666666666,0.2721129953861236,,,0.2721129953861236,0.2721129953861236,1
16.166666666666668,0.2736060619354248,,,0.2736060619354248,0.2736060619354248,1
16.566666666666666,0.2813397049903869,,,0.2813397049903869,0.2813397049903869,1
16.7,0.2545945644378662,,,0.2545945644378662,0.2545945644378662,1
16.733333333333334,0.3015490770339966,,,0.3015490770339966,0.3015490770339966,1
16.8,0.2947194874286651,,,0.2947194874286651,0.2947194874286651,1
16.833333333333332,0.3620091378688812,,,0.3620091378688812,0.3620091378688812,1
16.866666666666667,0.2599149942398071,,,0.2599149942398071,0.2599149942398071,1
16.966666666666665,0.3522101640701294,,,0.3522101640701294,0.3522101640701294,1
17.1,0.3330312073230743,,,0.3330312073230743,0.3330312073230743,1
17.133333333333333,0.2730534076690674,,,0.2730534076690674,0.2730534076690674,1
17.166666666666668,0.2941005527973175,,,0.2941005527973175,0.2941005527973175,1
17.2,0.3174508512020111,,,0.3174508512020111,0.3174508512020111,1
17.233333333333334,0.4172664582729339,,,0.4172664582729339,0.4172664582729339,1
17.266666666666666,0.3449864983558655,,,0.3449864983558655,0.3449864983558655,1
17.3,0.2830072343349457,,,0.2830072343349457,0.2830072343349457,1
17.333333333333332,0.2720025479793548,,,0.2720025479793548,0.2720025479793548,1
17.4,0.2739615142345428,,,0.2739615142345428,0.2739615142345428,1
17.433333333333334,0.3588587343692779,,,0.3588587343692779,0.3588587343692779,1
17.466666666666665,0.301624983549118,,,0.301624983549118,0.301624983549118,1
17.5,0.3381215929985046,,,0.3381215929985046,0.3381215929985046,1
17.533333333333335,0.3449134528636932,,,0.3449134528636932,0.3449134528636932,1
17.566666666666666,0.2752857804298401,,,0.2752857804298401,0.2752857804298401,1
17.6,0.3266919255256653,,,0.3266919255256653,0.3266919255256653,1
17.633333333333333,0.3483913540840149,,,0.3483913540840149,0.3483913540840149,1
17.7,0.2657831311225891,,,0.2657831311225891,0.2657831311225891,1
17.733333333333334,0.2985182702541351,,,0.2985182702541351,0.2985182702541351,1
17.766666666666666,0.3543036878108978,,,0.3543036878108978,0.3543036878108978,1
17.8,0.3592523634433746,,,0.3592523634433746,0.3592523634433746,1
17.833333333333332,0.4096559286117553,,,0.4096559286117553,0.4096559286117553,1
17.866666666666667,0.3215788304805755,,,0.3215788304805755,0.3215788304805755,1
17.933333333333334,0.2866148352622986,,,0.2866148352622986,0.2866148352622986,1
18.0,0.3066294491291046,,,0.3066294491291046,0.3066294491291046,1
18.03333333333333,0.3205761015415191,,,0.3205761015415191,0.3205761015415191,1
18.066666666666663,0.3537668585777282,,,0.3537668585777282,0.3537668585777282,1
18.1,0.4722820520401001,,,0.4722820520401001,0.4722820520401001,1
18.133333333333333,0.4356500506401062,,,0.4356500506401062,0.4356500506401062,1
18.166666666666668,0.4185423254966736,0.003096277901654785,0.055644208159113785,0.3791959285736084,0.4578887224197387,2
18.2,0.41127265989780426,0.0029146842698861697,0.05398781593921141,0.3730975091457367,0.4494478106498718,2
18.23333333333333,0.45409922301769257,0.001761426092507628,0.04196934705839046,0.424422413110733,0.4837760329246521,2
18.266666666666666,0.2816549837589264,,,0.2816549837589264,0.2816549837589264,1
18.3,0.3568505942821502,,,0.3568505942821502,0.3568505942821502,1
18.33333333333333,0.4316177368164062,,,0.4316177368164062,0.4316177368164062,1
18.366666666666667,0.274625688791275,,,0.274625688791275,0.274625688791275,1
18.4,0.3952515423297882,,,0.3952515423297882,0.3952515423297882,1
18.433333333333334,0.3949137926101684,,,0.3949137926101684,0.3949137926101684,1
18.466666666666665,0.3858551383018493,,,0.3858551383018493,0.3858551383018493,1
18.5,0.3826711773872375,,,0.3826711773872375,0.3826711773872375,1
18.766666666666666,0.3105264008045196,,,0.3105264008045196,0.3105264008045196,1
18.8,0.2825711369514465,,,0.2825711369514465,0.2825711369514465,1
18.866666666666667,0.3354650437831878,,,0.3354650437831878,0.3354650437831878,1
18.9,0.4106930196285248,,,0.4106930196285248,0.4106930196285248,1
18.933333333333334,0.3515179753303528,,,0.3515179753303528,0.3515179753303528,1
18.966666666666665,0.4432218670845032,,,0.4432218670845032,0.4432218670845032,1
19.0,0.3739658892154693,,,0.3739658892154693,0.3739658892154693,1
19.03333333333333,0.3287367522716522,,,0.3287367522716522,0.3287367522716522,1
19.1,0.3193716704845428,,,0.3193716704845428,0.3193716704845428,1
19.133333333333333,0.4278584420681,,,0.4278584420681,0.4278584420681,1
19.166666666666668,0.3043073415756225,,,0.3043073415756225,0.3043073415756225,1
19.23333333333333,0.3262025117874145,,,0.3262025117874145,0.3262025117874145,1
19.266666666666666,0.2723353803157806,,,0.2723353803157806,0.2723353803157806,1
19.3,0.4105409979820251,,,0.4105409979820251,0.4105409979820251,1
19.366666666666667,0.3236449658870697,,,0.3236449658870697,0.3236449658870697,1
19.433333333333334,0.3242287337779999,,,0.3242287337779999,0.3242287337779999,1
19.466666666666665,0.3299921452999115,,,0.3299921452999115,0.3299921452999115,1
19.5,0.2897471487522125,,,0.2897471487522125,0.2897471487522125,1
19.53333333333333,0.2971942126750946,,,0.2971942126750946,0.2971942126750946,1
19.566666666666663,0.2509662508964538,,,0.2509662508964538,0.2509662508964538,1
19.7,0.3212185502052307,,,0.3212185502052307,0.3212185502052307,1
19.73333333333333,0.350076824426651,,,0.350076824426651,0.350076824426651,1
19.766666666666666,0.3414160162210464,0.0025242431086209827,0.05024184619041166,0.3058896660804748,0.376942366361618,2
19.8,0.2578125894069671,,,0.2578125894069671,0.2578125894069671,1
19.9,0.2731764614582062,0.00037854401149850503,0.0194562075312355,0.2594188451766968,0.2869340777397156,2
19.966666666666665,0.3878885507583618,,,0.3878885507583618,0.3878885507583618,1
20.0,0.3088936507701874,,,0.3088936507701874,0.3088936507701874,1
20.03333333333333,0.3125481009483337,,,0.3125481009483337,0.3125481009483337,1
20.066666666666663,0.2610907554626465,,,0.2610907554626465,0.2610907554626465,1
20.1,0.2610530257225036,,,0.2610530257225036,0.2610530257225036,1
20.166666666666668,0.267733633518219,,,0.267733633518219,0.267733633518219,1
20.33333333333333,0.2863091230392456,,,0.2863091230392456,0.2863091230392456,1
20.666666666666668,0.2675651013851166,,,0.2675651013851166,0.2675651013851166,1
20.7,0.3147545754909515,,,0.3147545754909515,0.3147545754909515,1
20.73333333333333,0.3145650625228882,,,0.3145650625228882,0.3145650625228882,1
21.466666666666665,0.3495460748672485,,,0.3495460748672485,0.3495460748672485,1
21.6,0.2617633640766144,,,0.2617633640766144,0.2617633640766144,1
21.9,0.2872408032417297,,,0.2872408032417297,0.2872408032417297,1
21.933333333333334,0.2534104585647583,,,0.2534104585647583,0.2534104585647583,1
22.03333333333333,0.2568669617176056,,,0.2568669617176056,0.2568669617176056,1
22.133333333333333,0.3598038554191589,,,0.3598038554191589,0.3598038554191589,1
22.366666666666667,0.2508005797863006,,,0.2508005797863006,0.2508005797863006,1
22.4,0.2667266130447387,,,0.2667266130447387,0.2667266130447387,1
22.73333333333333,0.2829568684101105,,,0.2829568684101105,0.2829568684101105,1
22.8,0.288499653339386,,,0.288499653339386,0.288499653339386,1
23.7,0.2522488236427307,,,0.2522488236427307,0.2522488236427307,1
24.23333333333333,0.2732355296611786,,,0.2732355296611786,0.2732355296611786,1
24.566666666666663,0.2768385708332062,,,0.2768385708332062,0.2768385708332062,1
24.6,0.3425652682781219,,,0.3425652682781219,0.3425652682781219,1
24.633333333333333,0.3893577456474304,,,0.3893577456474304,0.3893577456474304,1
24.666666666666668,0.3836439251899719,,,0.3836439251899719,0.3836439251899719,1
24.7,0.2944537401199341,,,0.2944537401199341,0.2944537401199341,1
24.866666666666667,0.3082194626331329,,,0.3082194626331329,0.3082194626331329,1
24.9,0.2984037697315216,,,0.2984037697315216,0.2984037697315216,1
25.03333333333333,0.2719596624374389,,,0.2719596624374389,0.2719596624374389,1
25.066666666666663,0.2858521342277527,,,0.2858521342277527,0.2858521342277527,1
25.1,0.3390055000782013,,,0.3390055000782013,0.3390055000782013,1
25.133333333333333,0.3001179099082947,,,0.3001179099082947,0.3001179099082947,1
25.166666666666668,0.418548971414566,,,0.418548971414566,0.418548971414566,1
25.2,0.2515753507614136,,,0.2515753507614136,0.2515753507614136,1
25.23333333333333,0.4852699339389801,,,0.4852699339389801,0.4852699339389801,1
25.266666666666666,0.4923470020294189,,,0.4923470020294189,0.4923470020294189,1
25.3,0.34456667304039,,,0.34456667304039,0.34456667304039,1
25.33333333333333,0.4169774949550628,,,0.4169774949550628,0.4169774949550628,1
25.366666666666667,0.5008872747421265,,,0.5008872747421265,0.5008872747421265,1
25.4,0.412179172039032,,,0.412179172039032,0.412179172039032,1
25.433333333333334,0.3525906503200531,,,0.3525906503200531,0.3525906503200531,1
25.466666666666665,0.3331722617149353,,,0.3331722617149353,0.3331722617149353,1
25.5,0.2841821610927582,,,0.2841821610927582,0.2841821610927582,1
25.6,0.2799245417118072,,,0.2799245417118072,0.2799245417118072,1
25.633333333333333,0.3262467682361603,,,0.3262467682361603,0.3262467682361603,1
25.666666666666668,0.3649106621742248,,,0.3649106621742248,0.3649106621742248,1
25.7,0.4586439430713653,,,0.4586439430713653,0.4586439430713653,1
25.73333333333333,0.359325498342514,,,0.359325498342514,0.359325498342514,1
25.766666666666666,0.3945759236812591,,,0.3945759236812591,0.3945759236812591,1
25.8,0.402745634317398,,,0.402745634317398,0.402745634317398,1
25.83333333333333,0.4182865023612976,,,0.4182865023612976,0.4182865023612976,1
25.866666666666667,0.4759725928306579,,,0.4759725928306579,0.4759725928306579,1
25.9,0.3681614995002746,,,0.3681614995002746,0.3681614995002746,1
25.933333333333334,0.2885449230670929,,,0.2885449230670929,0.2885449230670929,1
25.966666666666665,0.2758397758007049,,,0.2758397758007049,0.2758397758007049,1
26.0,0.3078562021255493,,,0.3078562021255493,0.3078562021255493,1
26.03333333333333,0.2861981689929962,,,0.2861981689929962,0.2861981689929962,1
26.166666666666668,0.2673057019710541,,,0.2673057019710541,0.2673057019710541,1
26.2,0.2655519545078277,,,0.2655519545078277,0.2655519545078277,1
26.83333333333333,0.3464943170547485,,,0.3464943170547485,0.3464943170547485,1
27.433333333333334,0.2798661589622497,,,0.2798661589622497,0.2798661589622497,1
27.566666666666663,0.3037885129451751,,,0.3037885129451751,0.3037885129451751,1
27.6,0.3147410154342651,,,0.3147410154342651,0.3147410154342651,1
27.73333333333333,0.3833600580692291,,,0.3833600580692291,0.3833600580692291,1
27.766666666666666,0.2531099319458008,,,0.2531099319458008,0.2531099319458008,1
27.866666666666667,0.3283063173294067,,,0.3283063173294067,0.3283063173294067,1
28.1,0.3131865262985229,,,0.3131865262985229,0.3131865262985229,1
28.133333333333333,0.2715007364749908,,,0.2715007364749908,0.2715007364749908,1
28.2,0.3809488117694855,,,0.3809488117694855,0.3809488117694855,1
28.23333333333333,0.2844439148902893,,,0.2844439148902893,0.2844439148902893,1
28.433333333333334,0.2536049783229828,,,0.2536049783229828,0.2536049783229828,1
28.5,0.3407651484012604,,,0.3407651484012604,0.3407651484012604,1
28.53333333333333,0.28804774582386017,0.0008542942578348978,0.029228312606698625,0.2673802077770233,0.308715283870697,2
28.566666666666663,0.3697628378868103,,,0.3697628378868103,0.3697628378868103,1
28.73333333333333,0.2516504824161529,,,0.2516504824161529,0.2516504824161529,1
28.83333333333333,0.2899957001209259,,,0.2899957001209259,0.2899957001209259,1
28.866666666666667,0.5738126635551453,,,0.5738126635551453,0.5738126635551453,1
28.9,0.5860805809497833,0.00016659957859310737,0.012907345915915764,0.5769537091255188,0.5952074527740479,2
28.933333333333334,0.6482852697372437,,,0.6482852697372437,0.6482852697372437,1
28.966666666666665,0.7198207378387451,,,0.7198207378387451,0.7198207378387451,1
29.0,0.4257016082604726,0.056779037961659604,0.23828352431853025,0.2659910917282104,0.6995889544487,3
29.03333333333333,0.4206594377756119,0.02402745079241253,0.1550079055803688,0.2679993808269501,0.5723162889480591,4
29.066666666666663,0.4413548856973648,0.00010829347618157692,0.010406415145552139,0.4339964389801025,0.4487133324146271,2
29.1,0.4961920976638794,,,0.4961920976638794,0.4961920976638794,1
29.133333333333333,0.3133879701296488,0.0084784206643483,0.09207833982185115,0.2533307373523712,0.4193986058235168,3
29.166666666666668,0.2555293142795563,4.833083747257633e-05,0.00695203836817493,0.2506134808063507,0.2604451477527618,2
29.2,0.3992589116096496,,,0.3992589116096496,0.3992589116096496,1
29.23333333333333,0.31450726588567096,0.0010492108218554566,0.032391523919930915,0.2782071828842163,0.340463638305664,3
29.266666666666666,0.5443853139877319,,,0.5443853139877319,0.5443853139877319,1
29.3,0.6103069186210632,,,0.6103069186210632,0.6103069186210632,1
29.33333333333333,0.4081721206506093,0.007368251559629917,0.0858385202553604,0.3223703503608703,0.4940473437309265,3
29.366666666666667,0.4281070381402969,0.004647059649443452,0.06816934537930852,0.37990403175354,0.4763100445270538,2
29.4,0.3076329082250595,0.005926559044997945,0.07698414801111944,0.2531968951225281,0.3620689213275909,2
29.433333333333334,0.3472848137219747,0.004471617654809045,0.06687015518756514,0.2727413177490234,0.4019941091537475,3
29.466666666666665,0.2795121371746063,0.00020357023209527313,0.014267804038998893,0.2694232761859894,0.2896009981632232,2
29.5,0.2863224744796753,0.0009755530472039821,0.03123384457930183,0.2679051756858825,0.3223854601383209,3
29.53333333333333,0.31861097613970435,0.00320520096190199,0.0566144942740107,0.2817561328411102,0.3837983310222626,3
29.566666666666663,0.2686719596385956,,,0.2686719596385956,0.2686719596385956,1
29.866666666666667,0.4931678771972656,0.005460516892295436,0.07389531035387453,0.4143673181533813,0.5609119534492493,3
29.9,0.30714924136797583,0.00201227348743268,0.04485837143090105,0.2561753094196319,0.3406059741973877,3
29.933333333333334,0.32111927866935724,0.0005793234018440785,0.024069137953904342,0.304099828004837,0.3381387293338775,2
29.966666666666665,0.3174223601818084,,,0.3174223601818084,0.3174223601818084,1
30.0,0.2785990983247757,1.912616102872633e-05,0.004373346662308664,0.2755066752433777,0.2816915214061737,2
30.1,0.3163617551326751,,,0.3163617551326751,0.3163617551326751,1
30.133333333333333,0.3018466532230377,,,0.3018466532230377,0.3018466532230377,1
30.166666666666668,0.5372524857521057,,,0.5372524857521057,0.5372524857521057,1
30.23333333333333,0.3460161685943603,,,0.3460161685943603,0.3460161685943603,1
30.266666666666666,0.3404548466205597,,,0.3404548466205597,0.3404548466205597,1
30.3,0.5302538871765137,,,0.5302538871765137,0.5302538871765137,1
30.33333333333333,0.6029073596000671,,,0.6029073596000671,0.6029073596000671,1
30.366666666666667,0.5306865572929382,,,0.5306865572929382,0.5306865572929382,1
30.933333333333334,0.274508461356163,0.0010029091930090531,0.03166874157602498,0.2521152794361114,0.2969016432762146,2
30.966666666666665,0.3283695876598358,,,0.3283695876598358,0.3283695876598358,1
31.03333333333333,0.2637864351272583,,,0.2637864351272583,0.2637864351272583,1
31.1,0.2702112197875976,,,0.2702112197875976,0.2702112197875976,1
31.2,0.2837075591087341,,,0.2837075591087341,0.2837075591087341,1
31.23333333333333,0.281934529542923,,,0.281934529542923,0.281934529542923,1
31.266666666666666,0.2734816968441009,,,0.2734816968441009,0.2734816968441009,1
31.3,0.2714397013187408,,,0.2714397013187408,0.2714397013187408,1
31.33333333333333,0.3021349310874939,0.0013158536203334832,0.03627469669526519,0.2764848470687866,0.3277850151062011,2
31.4,0.4562463760375976,,,0.4562463760375976,0.4562463760375976,1
31.433333333333334,0.3059787452220917,,,0.3059787452220917,0.3059787452220917,1
31.466666666666665,0.318619430065155,,,0.318619430065155,0.318619430065155,1
31.53333333333333,0.2796503603458404,,,0.2796503603458404,0.2796503603458404,1
31.633333333333333,0.2610019445419311,,,0.2610019445419311,0.2610019445419311,1
31.666666666666668,0.2763999700546264,,,0.2763999700546264,0.2763999700546264,1
31.7,0.2957054674625397,,,0.2957054674625397,0.2957054674625397,1
33.2,0.2634811401367187,,,0.2634811401367187,0.2634811401367187,1
33.233333333333334,0.2664124667644501,,,0.2664124667644501,0.2664124667644501,1
33.43333333333333,0.2728787660598755,,,0.2728787660598755,0.2728787660598755,1
33.46666666666667,0.2937497198581695,,,0.2937497198581695,0.2937497198581695,1
33.63333333333333,0.2988845109939575,,,0.2988845109939575,0.2988845109939575,1
33.86666666666667,0.2817693650722503,,,0.2817693650722503,0.2817693650722503,1
33.9,0.3916737139225006,,,0.3916737139225006,0.3916737139225006,1
33.93333333333333,0.3067748844623565,,,0.3067748844623565,0.3067748844623565,1
33.96666666666667,0.3884366452693939,,,0.3884366452693939,0.3884366452693939,1
34.56666666666667,0.3347375690937042,,,0.3347375690937042,0.3347375690937042,1
34.6,0.2992637157440185,,,0.2992637157440185,0.2992637157440185,1
35.1,0.3389462530612945,,,0.3389462530612945,0.3389462530612945,1
35.13333333333333,0.2583179771900177,,,0.2583179771900177,0.2583179771900177,1
35.233333333333334,0.2822417020797729,,,0.2822417020797729,0.2822417020797729,1
35.266666666666666,0.3821142613887787,,,0.3821142613887787,0.3821142613887787,1
35.3,0.2806022465229034,,,0.2806022465229034,0.2806022465229034,1
35.333333333333336,0.3694374859333038,,,0.3694374859333038,0.3694374859333038,1
35.36666666666667,0.330850750207901,,,0.330850750207901,0.330850750207901,1
35.4,0.2950026094913482,,,0.2950026094913482,0.2950026094913482,1
35.43333333333333,0.3071164190769195,,,0.3071164190769195,0.3071164190769195,1
35.46666666666667,0.309058666229248,,,0.309058666229248,0.309058666229248,1
35.5,0.2595882415771484,,,0.2595882415771484,0.2595882415771484,1
35.53333333333333,0.3148546516895294,,,0.3148546516895294,0.3148546516895294,1
35.666666666666664,0.2604558765888214,,,0.2604558765888214,0.2604558765888214,1
35.7,0.3133754432201385,0.001428880752614603,0.037800539051905106,0.2866464257240295,0.3401044607162475,2
35.733333333333334,0.5387614369392395,,,0.5387614369392395,0.5387614369392395,1
35.766666666666666,0.3378894329071045,,,0.3378894329071045,0.3378894329071045,1
35.833333333333336,0.3008157014846802,,,0.3008157014846802,0.3008157014846802,1
35.86666666666667,0.3864665031433105,,,0.3864665031433105,0.3864665031433105,1
35.93333333333333,0.312164157629013,,,0.312164157629013,0.312164157629013,1
35.96666666666667,0.3422175049781799,,,0.3422175049781799,0.3422175049781799,1
36.0,0.2942024767398834,,,0.2942024767398834,0.2942024767398834,1
36.03333333333333,0.3637806276480357,0.0008511241228997466,0.029174031653162825,0.3352739810943603,0.3935791254043579,3
36.06666666666667,0.33045038580894465,0.0006878556924592148,0.026227003116239087,0.3108641803264618,0.3602470159530639,3
36.16666666666666,0.3113182485103607,,,0.3113182485103607,0.3113182485103607,1
36.333333333333336,0.5985716581344604,,,0.5985716581344604,0.5985716581344604,1
36.36666666666667,0.48049481213092804,0.01241183815682989,0.11140842946936237,0.4017171561717987,0.5592724680900574,2
36.4,0.3913515657186508,0.032408657409732644,0.1800240467541285,0.2640553414821625,0.5186477899551392,2
36.43333333333333,0.41244596242904663,0.00899600422599178,0.09484726788891591,0.3453788161277771,0.4795131087303161,2
36.46666666666667,0.5796319991350174,0.09877473211398824,0.3142844764126734,0.3573993146419525,0.8018646836280823,2
36.5,0.46658514936765033,0.03584695559757053,0.18933292264572088,0.2649986445903778,0.6406526565551758,3
36.53333333333333,0.2656400203704834,,,0.2656400203704834,0.2656400203704834,1
36.56666666666667,0.3388581722974777,0.005253790098617814,0.07248303317755,0.2876049280166626,0.3901114165782928,2
36.6,0.5317870378494263,,,0.5317870378494263,0.5317870378494263,1
36.63333333333333,0.5390543937683105,,,0.5390543937683105,0.5390543937683105,1
36.66666666666666,0.3965034186840057,,,0.3965034186840057,0.3965034186840057,1
36.7,0.3144891560077667,,,0.3144891560077667,0.3144891560077667,1
36.73333333333333,0.40678180754184723,0.0016824009471432255,0.04101708116313526,0.3777783513069153,0.4357852637767792,2
36.766666666666666,0.303099125623703,,,0.303099125623703,0.303099125623703,1
36.8,0.3855236172676086,,,0.3855236172676086,0.3855236172676086,1
36.9,0.3459548652172088,,,0.3459548652172088,0.3459548652172088,1
36.96666666666667,0.3306624293327331,,,0.3306624293327331,0.3306624293327331,1
37.03333333333333,0.35521000623703,,,0.35521000623703,0.35521000623703,1
37.06666666666667,0.3378026187419891,,,0.3378026187419891,0.3378026187419891,1
37.1,0.3318032920360565,,,0.3318032920360565,0.3318032920360565,1
37.13333333333333,0.4252160191535949,,,0.4252160191535949,0.4252160191535949,1
37.16666666666666,0.4452909231185913,,,0.4452909231185913,0.4452909231185913,1
37.2,0.2821335792541504,,,0.2821335792541504,0.2821335792541504,1
37.23333333333333,0.3358834385871887,,,0.3358834385871887,0.3358834385871887,1
37.266666666666666,0.3556751906871795,,,0.3556751906871795,0.3556751906871795,1
37.3,0.2827334702014923,,,0.2827334702014923,0.2827334702014923,1
37.333333333333336,0.3795391917228699,,,0.3795391917228699,0.3795391917228699,1
37.36666666666667,0.3699760735034942,,,0.3699760735034942,0.3699760735034942,1
37.4,0.3647912442684173,,,0.3647912442684173,0.3647912442684173,1
37.43333333333333,0.3544725775718689,,,0.3544725775718689,0.3544725775718689,1
37.5,0.3527277410030365,,,0.3527277410030365,0.3527277410030365,1
37.53333333333333,0.3304820358753204,,,0.3304820358753204,0.3304820358753204,1
37.56666666666667,0.3536871671676636,,,0.3536871671676636,0.3536871671676636,1
37.6,0.4265060722827911,,,0.4265060722827911,0.4265060722827911,1
37.63333333333333,0.3778350055217743,,,0.3778350055217743,0.3778350055217743,1
37.66666666666666,0.3893671929836273,,,0.3893671929836273,0.3893671929836273,1
37.7,0.3433834016323089,,,0.3433834016323089,0.3433834016323089,1
37.73333333333333,0.3470842242240906,,,0.3470842242240906,0.3470842242240906,1
37.766666666666666,0.4697807729244232,,,0.4697807729244232,0.4697807729244232,1
37.8,0.4288989305496216,,,0.4288989305496216,0.4288989305496216,1
37.833333333333336,0.4174676835536957,,,0.4174676835536957,0.4174676835536957,1
37.86666666666667,0.3824208676815033,,,0.3824208676815033,0.3824208676815033,1
37.9,0.4062410891056061,,,0.4062410891056061,0.4062410891056061,1
37.93333333333333,0.416668951511383,,,0.416668951511383,0.416668951511383,1
37.96666666666667,0.3509282171726227,,,0.3509282171726227,0.3509282171726227,1
38.0,0.4426357746124267,,,0.4426357746124267,0.4426357746124267,1
38.03333333333333,0.3990607261657715,,,0.3990607261657715,0.3990607261657715,1
38.06666666666667,0.4776725172996521,,,0.4776725172996521,0.4776725172996521,1
38.1,0.5217407941818237,,,0.5217407941818237,0.5217407941818237,1
38.13333333333333,0.3972651064395904,,,0.3972651064395904,0.3972651064395904,1
38.16666666666666,0.3728096485137939,,,0.3728096485137939,0.3728096485137939,1
38.2,0.3472754061222076,,,0.3472754061222076,0.3472754061222076,1
38.23333333333333,0.3388311862945556,,,0.3388311862945556,0.3388311862945556,1
38.3,0.315272569656372,,,0.315272569656372,0.315272569656372,1
38.333333333333336,0.3561853170394897,,,0.3561853170394897,0.3561853170394897,1
38.36666666666667,0.2589713335037231,,,0.2589713335037231,0.2589713335037231,1
38.43333333333333,0.2693568468093872,,,0.2693568468093872,0.2693568468093872,1
38.46666666666667,0.2601523101329803,,,0.2601523101329803,0.2601523101329803,1
38.63333333333333,0.3438001275062561,,,0.3438001275062561,0.3438001275062561,1
38.833333333333336,0.2605122923851013,,,0.2605122923851013,0.2605122923851013,1
38.86666666666667,0.2530160546302795,,,0.2530160546302795,0.2530160546302795,1
40.3,0.3002522885799408,,,0.3002522885799408,0.3002522885799408,1
40.333333333333336,0.3131910264492035,,,0.3131910264492035,0.3131910264492035,1
