xmin,ymin,xmax,ymax,confidence,class,name,time
507.63494873046875,511.5000305175781,1043.7076416015625,924.8893432617188,0.3661574721336365,0,person,0.0
2.8456344604492188,0.0,1279.228515625,919.0515747070312,0.26711007952690125,0,person,0.03333333333333333
134.0222930908203,24.793212890625,1274.2694091796875,923.435791015625,0.2768963873386383,0,person,0.06666666666666667
125.76808166503906,23.865705490112305,1279.7713623046875,923.5405883789062,0.2745782434940338,0,person,0.1
4.90726900100708,16.163862228393555,1291.0343017578125,911.677001953125,0.3432725667953491,0,person,0.16666666666666666
5.1135029792785645,1.369592547416687,1285.534423828125,916.4439086914062,0.31923148036003113,0,person,0.2
12.634577751159668,10.1345853805542,1290.4981689453125,911.5323486328125,0.4117726683616638,0,person,0.23333333333333334
12.759001731872559,14.513503074645996,1289.180908203125,905.2225952148438,0.37849700450897217,0,person,0.26666666666666666
25.262645721435547,14.27332592010498,1295.814208984375,905.1075439453125,0.3861587345600128,0,person,0.3
17.41187858581543,10.705742835998535,1352.0,919.5572509765625,0.40532949566841125,0,person,0.3333333333333333
19.367979049682617,9.461566925048828,1352.0,919.7260131835938,0.3988533318042755,0,person,0.36666666666666664
14.72864055633545,7.424205303192139,1322.2640380859375,906.2476196289062,0.34356141090393066,0,person,0.4
49.681400299072266,24.526958465576172,1351.158447265625,921.4346923828125,0.3367847800254822,0,person,0.43333333333333335
32.35635757446289,21.127185821533203,1344.922119140625,908.0001831054688,0.30843329429626465,0,person,0.4666666666666667
78.98627471923828,13.272809028625488,1348.31005859375,926.0,0.3093112111091614,0,person,0.5
3.6209957599639893,41.56398391723633,1039.0830078125,913.7678833007812,0.27873608469963074,0,person,0.5666666666666667
0.0,30.40544319152832,1307.993896484375,898.9491577148438,0.270139217376709,0,person,0.6
0.0,54.80266189575195,1134.1282958984375,911.7626342773438,0.2727545499801636,0,person,0.6333333333333333
0.0,53.00093078613281,1162.19384765625,908.1138305664062,0.27871713042259216,0,person,0.6666666666666666
295.2751159667969,211.73915100097656,982.3468017578125,915.3500366210938,0.26570412516593933,0,person,0.7333333333333333
43.96047592163086,14.822210311889648,1348.9796142578125,899.9642333984375,0.3322523236274719,0,person,0.7666666666666667
4.998298168182373,44.21982192993164,1282.7362060546875,917.0407104492188,0.36437395215034485,0,person,0.8
34.7978401184082,38.16952896118164,1246.17626953125,916.3521118164062,0.33723554015159607,0,person,0.8333333333333334
0.0,25.524412155151367,1285.3955078125,917.6083374023438,0.37171804904937744,0,person,0.8666666666666667
58.86840057373047,22.667980194091797,1230.47265625,913.947509765625,0.2754998207092285,0,person,0.9
0.0,24.261993408203125,1284.1859130859375,920.9425048828125,0.25634992122650146,0,person,0.9666666666666667
15.62165641784668,5.554847717285156,1289.7835693359375,905.3777465820312,0.25069692730903625,0,person,1.1666666666666667
13.05407428741455,26.92759895324707,1284.29443359375,914.9468383789062,0.2529550790786743,0,person,1.2333333333333334
22.157331466674805,10.090649604797363,1273.552490234375,912.890625,0.2897663116455078,0,person,1.4333333333333333
42.552677154541016,26.629175186157227,1269.128662109375,913.6290283203125,0.31141284108161926,0,person,1.4666666666666666
15.662335395812988,6.842958450317383,1250.0953369140625,904.639892578125,0.2528504431247711,0,person,1.5
13.73250675201416,12.802512168884277,985.7067260742188,897.8016357421875,0.2787437438964844,0,person,1.7
13.315557479858398,14.201702117919922,972.3162231445312,898.6132202148438,0.26034510135650635,0,person,1.7333333333333334
704.2385864257812,367.0156555175781,965.771728515625,629.047607421875,0.25706836581230164,47,apple,1.7333333333333334
709.6030883789062,397.4309997558594,1352.0,896.438232421875,0.26207205653190613,66,keyboard,1.7666666666666666
726.7816772460938,366.1759033203125,988.5563354492188,624.840576171875,0.2641105651855469,29,frisbee,1.8
55.898921966552734,10.801897048950195,1061.0830078125,901.908203125,0.27622097730636597,0,person,1.9333333333333333
765.5242309570312,294.37371826171875,1021.876953125,555.22314453125,0.5999563336372375,47,apple,1.9666666666666666
1.5437599420547485,4.909132480621338,1061.0958251953125,897.5294189453125,0.2915648818016052,0,person,1.9666666666666666
10.311846733093262,10.464792251586914,1040.0457763671875,897.5023193359375,0.31108927726745605,0,person,2.0
15.57143497467041,13.089557647705078,1038.9423828125,899.7609252929688,0.326046884059906,0,person,2.033333333333333
20.642292022705078,16.58838653564453,1039.655029296875,899.2677612304688,0.2770964205265045,0,person,2.066666666666667
17.191009521484375,18.6960506439209,1040.2998046875,896.3086547851562,0.3237607181072235,0,person,2.1
753.0587768554688,282.6575622558594,1003.5768432617188,541.3043823242188,0.2530285716056824,47,apple,2.1
10.237128257751465,12.331957817077637,1031.9210205078125,890.9559326171875,0.30311596393585205,0,person,2.1333333333333333
786.8485107421875,249.46475219726562,1025.847900390625,492.9452209472656,0.28245243430137634,47,apple,2.2
791.1817016601562,232.39610290527344,1028.4869384765625,477.5544128417969,0.34246310591697693,47,apple,2.2333333333333334
793.5396118164062,222.11314392089844,1028.4171142578125,470.6023864746094,0.25906437635421753,47,apple,2.2666666666666666
11.536681175231934,28.596750259399414,1292.4593505859375,910.7306518554688,0.3849787712097168,0,person,2.3
54.28050994873047,23.27079200744629,1254.901611328125,894.8439331054688,0.3274358808994293,0,person,2.3333333333333335
73.1650390625,22.21969985961914,1230.4991455078125,896.7781982421875,0.32850155234336853,0,person,2.3666666666666667
42.52063751220703,21.556093215942383,1234.237060546875,893.323486328125,0.299800843000412,0,person,2.4
17.158647537231445,13.817438125610352,1133.334228515625,898.4119262695312,0.2541229724884033,0,person,2.466666666666667
11.69237232208252,22.798398971557617,1246.1474609375,888.6615600585938,0.25298669934272766,0,person,2.5
34.892478942871094,24.632686614990234,1256.96044921875,920.4239501953125,0.25479575991630554,0,person,2.533333333333333
46.388999938964844,35.3055534362793,1270.8968505859375,916.52294921875,0.26689887046813965,0,person,2.6333333333333333
0.0,18.130373001098633,1260.8271484375,900.42529296875,0.4389665424823761,0,person,2.6666666666666665
0.0,14.851349830627441,1272.8372802734375,901.7875366210938,0.4484539031982422,0,person,2.7
46.65312576293945,9.256622314453125,1232.7022705078125,911.2161254882812,0.4017484784126282,0,person,2.7333333333333334
24.521451950073242,11.677797317504883,1249.173583984375,899.8947143554688,0.4459448456764221,0,person,2.7666666666666666
133.391357421875,380.3512878417969,381.3808288574219,769.9074096679688,0.28674304485321045,56,chair,2.7666666666666666
151.9609375,389.3315124511719,415.29931640625,786.638671875,0.40125420689582825,56,chair,2.8
97.17719268798828,14.25949764251709,1314.0283203125,906.050537109375,0.3570713400840759,0,person,2.8
66.132568359375,14.63434886932373,1336.564208984375,906.5245361328125,0.4002149999141693,0,person,2.8333333333333335
53.31090545654297,13.841291427612305,1345.9195556640625,905.2601318359375,0.4011772572994232,0,person,2.8666666666666667
55.012611389160156,13.175590515136719,1339.8135986328125,906.3106689453125,0.4369553029537201,0,person,2.9
192.4808807373047,442.6749572753906,418.7293701171875,806.354248046875,0.3470374643802643,56,chair,2.9
190.6804656982422,431.8721008300781,419.8600158691406,807.07470703125,0.43076303601264954,56,chair,2.933333333333333
95.43667602539062,16.838748931884766,1301.45263671875,908.257568359375,0.3443107008934021,0,person,2.933333333333333
49.45518112182617,17.65159797668457,1337.523193359375,903.9309692382812,0.39937177300453186,0,person,2.966666666666667
49.710601806640625,13.08333683013916,1330.5833740234375,906.6513671875,0.3188609480857849,0,person,3.0
208.48171997070312,443.88311767578125,422.9694519042969,802.4178466796875,0.27716296911239624,56,chair,3.0
210.41722106933594,423.3481750488281,427.71087646484375,798.0750732421875,0.38480207324028015,56,chair,3.033333333333333
42.941810607910156,11.115342140197754,1335.6646728515625,910.9754638671875,0.3086566627025604,0,person,3.033333333333333
39.765323638916016,10.13593864440918,1342.68017578125,904.6746826171875,0.3336777985095978,0,person,3.066666666666667
1.5316721200942993,317.6103820800781,178.1436767578125,909.341796875,0.27914515137672424,0,person,3.066666666666667
46.38255310058594,17.44481658935547,1332.234130859375,904.2540893554688,0.30411264300346375,0,person,3.1
1.0335248708724976,273.8050842285156,217.28472900390625,914.8414306640625,0.25611981749534607,0,person,3.1
63.779537200927734,17.65369415283203,1310.4761962890625,898.2305297851562,0.2976909279823303,0,person,3.1333333333333333
1.3300230503082275,259.4169616699219,210.15908813476562,911.4585571289062,0.26780521869659424,0,person,3.1333333333333333
54.46443557739258,17.45458221435547,1320.7628173828125,890.554443359375,0.32235777378082275,0,person,3.1666666666666665
36.45925521850586,16.18807029724121,1341.6014404296875,894.2682495117188,0.42794349789619446,0,person,3.2
213.79156494140625,378.00933837890625,455.48681640625,763.7195434570312,0.33092060685157776,56,chair,3.2
54.073951721191406,15.870368957519531,1335.931640625,895.1123657226562,0.37125033140182495,0,person,3.2333333333333334
211.0979766845703,378.3772888183594,437.4837341308594,758.1732788085938,0.32945168018341064,56,chair,3.2333333333333334
209.38783264160156,378.05303955078125,440.1832275390625,757.829833984375,0.3689650297164917,56,chair,3.2666666666666666
71.51728820800781,16.94508934020996,1325.804931640625,891.4385375976562,0.3208649158477783,0,person,3.2666666666666666
209.73040771484375,378.1007385253906,438.37042236328125,759.1325073242188,0.3588767945766449,56,chair,3.3
79.05339050292969,16.62155532836914,1317.94287109375,892.508544921875,0.326698362827301,0,person,3.3
204.54550170898438,373.70709228515625,435.9409484863281,758.2363891601562,0.3664228022098541,56,chair,3.3333333333333335
73.1639404296875,15.182233810424805,1325.9400634765625,899.68896484375,0.28030073642730713,0,person,3.3333333333333335
76.59785461425781,23.746503829956055,1305.5313720703125,919.3861083984375,0.3332193195819855,0,person,3.3666666666666667
215.849365234375,378.9849853515625,449.11859130859375,764.633056640625,0.3796609342098236,56,chair,3.4
47.743865966796875,16.02393341064453,1331.3802490234375,897.4551391601562,0.26675012707710266,0,person,3.4
69.89958953857422,15.706780433654785,1308.9368896484375,892.2095947265625,0.27223095297813416,0,person,3.433333333333333
56.87239456176758,14.62861156463623,1315.53955078125,895.7704467773438,0.30286717414855957,0,person,3.466666666666667
76.5444107055664,13.183165550231934,1304.1572265625,905.8724975585938,0.29856938123703003,0,person,3.5
102.59130859375,16.133142471313477,1296.1920166015625,910.0307006835938,0.30193862318992615,0,person,3.533333333333333
167.30267333984375,26.716659545898438,1242.18115234375,906.2723999023438,0.2873929738998413,0,person,3.566666666666667
1.3299504518508911,39.7791748046875,280.2344665527344,918.4160766601562,0.2692823112010956,0,person,3.566666666666667
97.56658172607422,21.509838104248047,1308.8509521484375,908.2011108398438,0.2780866324901581,0,person,3.6
108.82295227050781,21.39543914794922,1303.74951171875,912.5845336914062,0.27695098519325256,0,person,3.6666666666666665
83.45387268066406,27.525962829589844,1325.5135498046875,913.832275390625,0.3358258008956909,0,person,3.7
155.99014282226562,17.904766082763672,1352.0,918.2904052734375,0.29811593890190125,0,person,3.7333333333333334
42.197975158691406,30.768625259399414,1348.7393798828125,917.2792358398438,0.3356894552707672,0,person,3.7666666666666666
33.30849075317383,21.135469436645508,1351.1024169921875,921.9249877929688,0.3106902837753296,0,person,3.8
87.79788208007812,17.709909439086914,1291.1710205078125,922.1768188476562,0.25974464416503906,0,person,3.8333333333333335
599.0828247070312,546.4779052734375,961.9796142578125,915.7199096679688,0.2588920295238495,0,person,4.0
635.8785400390625,299.7108154296875,1011.4926147460938,915.5436401367188,0.2760038375854492,0,person,4.033333333333333
403.4679870605469,19.690507888793945,1314.066162109375,907.781005859375,0.46373194456100464,0,person,4.333333333333333
1.9873024225234985,79.79817962646484,291.4312744140625,910.1961669921875,0.26840028166770935,0,person,4.366666666666666
342.4837951660156,17.847808837890625,1336.1983642578125,912.2315063476562,0.34995216131210327,0,person,4.433333333333334
272.99407958984375,21.735767364501953,1304.640625,912.3733520507812,0.3583131730556488,0,person,4.466666666666667
210.9167022705078,27.62901496887207,1340.5006103515625,911.2107543945312,0.43327608704566956,0,person,4.5
214.2307586669922,8.906269073486328,1341.43701171875,907.3773193359375,0.3730548024177551,0,person,4.533333333333333
235.597900390625,7.880222320556641,1330.0408935546875,909.3792114257812,0.43243128061294556,0,person,4.566666666666666
183.742431640625,33.18970489501953,1352.0,909.8884887695312,0.299219012260437,0,person,4.6
0.0,253.14810180664062,148.34146118164062,894.5376586914062,0.27044376730918884,0,person,4.6
87.47869873046875,37.01203155517578,1329.3680419921875,913.3038940429688,0.2764703631401062,0,person,4.666666666666667
0.0,19.160158157348633,1343.2637939453125,914.5103759765625,0.28161123394966125,0,person,4.733333333333333
0.0,16.523046493530273,1346.8643798828125,914.199462890625,0.2817152142524719,0,person,4.766666666666667
5.6971354484558105,19.518667221069336,568.2230834960938,905.547607421875,0.3559773564338684,0,person,4.833333333333333
713.2978515625,119.3069839477539,1141.713623046875,920.2335815429688,0.25807464122772217,0,person,4.833333333333333
72.86409759521484,4.071558952331543,1352.0,915.5869140625,0.2639481723308563,0,person,4.9
0.0,7.818493843078613,1320.62451171875,912.3840942382812,0.2588103413581848,0,person,4.933333333333334
0.0,7.162302494049072,1336.0904541015625,909.9649047851562,0.27668970823287964,0,person,5.033333333333333
0.0,20.6146297454834,472.5785217285156,897.4122314453125,0.2905735671520233,0,person,5.066666666666666
10.920750617980957,21.824249267578125,1301.398193359375,908.9752807617188,0.2832599878311157,0,person,5.1
591.1339111328125,194.25013732910156,1080.34619140625,917.6975708007812,0.26116156578063965,0,person,5.1
574.5891723632812,203.11276245117188,1024.4632568359375,919.1229858398438,0.2804506719112396,0,person,5.133333333333334
2.1866064071655273,10.236638069152832,426.5108642578125,910.3789672851562,0.25359466671943665,0,person,5.133333333333334
0.0,4.528897762298584,1292.2144775390625,905.239990234375,0.31266945600509644,0,person,5.166666666666667
0.0,6.7566351890563965,1288.9449462890625,907.9116821289062,0.3263687789440155,0,person,5.2
546.69580078125,198.2515869140625,1028.4886474609375,919.5322265625,0.26115936040878296,0,person,5.266666666666667
12.444976806640625,0.0777105912566185,1307.90185546875,917.822265625,0.2628922462463379,0,person,5.3
77.63824462890625,32.757347106933594,1350.3018798828125,917.5361328125,0.2711162865161896,0,person,5.366666666666666
0.0,15.830657005310059,1308.7017822265625,914.4370727539062,0.27380800247192383,0,person,5.4
46.49698257446289,24.43663787841797,1352.0,913.4307861328125,0.27941301465034485,0,person,5.433333333333334
0.0,14.467182159423828,1334.9288330078125,914.3287353515625,0.25548577308654785,0,person,5.5
17.91350746154785,14.789299011230469,1261.4786376953125,922.7919921875,0.3274896442890167,0,person,5.533333333333333
16.372648239135742,17.679384231567383,1271.439697265625,924.0372314453125,0.25011879205703735,0,person,5.566666666666666
620.6351318359375,336.1747131347656,1127.4083251953125,923.465576171875,0.3551049530506134,0,person,5.733333333333333
728.5555419921875,32.733558654785156,1338.65673828125,915.1546020507812,0.2757226824760437,0,person,5.866666666666666
5.689947128295898,20.232784271240234,598.8849487304688,917.9100341796875,0.4786679148674011,0,person,5.9
6.876552104949951,21.081541061401367,577.9097900390625,924.8696899414062,0.3458796739578247,0,person,5.933333333333334
1.9761332273483276,48.28922653198242,536.412353515625,915.2400512695312,0.4749053716659546,0,person,6.0
2.3352866172790527,57.63475799560547,523.08544921875,909.8912353515625,0.5155301690101624,0,person,6.033333333333333
487.4276123046875,0.0,1336.250244140625,916.885498046875,0.334062784910202,0,person,6.033333333333333
2.820556163787842,54.03535842895508,508.39208984375,906.2070922851562,0.5415734052658081,0,person,6.066666666666666
458.52142333984375,0.0,1333.76171875,917.6002197265625,0.2846693992614746,0,person,6.066666666666666
1.140107274055481,66.33538055419922,493.14947509765625,910.2468872070312,0.6082560420036316,0,person,6.1
694.196044921875,23.824703216552734,1313.6336669921875,919.7911376953125,0.3226989805698395,0,person,6.1
3.396710157394409,55.92122268676758,439.2890625,906.4508056640625,0.5641723275184631,0,person,6.133333333333334
672.3208618164062,22.44072914123535,1299.6678466796875,922.02685546875,0.36327239871025085,0,person,6.133333333333334
9.626612663269043,62.586639404296875,428.4977111816406,897.48095703125,0.35907813906669617,0,person,6.166666666666667
56.78555679321289,15.490843772888184,1352.0,923.2540893554688,0.300088107585907,0,person,6.166666666666667
9.573748588562012,62.63934326171875,426.7208557128906,897.2127685546875,0.39407217502593994,0,person,6.2
663.359619140625,24.870574951171875,1304.669921875,921.0536499023438,0.29704710841178894,0,person,6.2
655.8942260742188,25.767072677612305,1309.275146484375,926.0,0.45823001861572266,0,person,6.233333333333333
0.7084430456161499,61.00958251953125,409.5100402832031,912.3024291992188,0.2624589204788208,0,person,6.233333333333333
656.951416015625,22.906190872192383,1307.5654296875,926.0,0.44321489334106445,0,person,6.266666666666667
0.4028790295124054,60.01435089111328,409.7902526855469,912.13330078125,0.26083382964134216,0,person,6.266666666666667
618.4537963867188,346.6850280761719,1065.080810546875,925.3880004882812,0.4867687225341797,0,person,6.3
1244.5810546875,416.2564392089844,1351.439208984375,906.2269897460938,0.27308207750320435,0,person,6.3
0.26336947083473206,214.6663055419922,333.4791564941406,910.513916015625,0.2566274106502533,0,person,6.333333333333333
0.7006745934486389,266.5991516113281,333.7983703613281,920.47265625,0.30350279808044434,0,person,6.366666666666666
0.5957845449447632,330.6336364746094,329.63134765625,916.5859985351562,0.4481883943080902,0,person,6.4
0.043822381645441055,369.77508544921875,309.8647766113281,918.1742553710938,0.49792420864105225,0,person,6.433333333333334
0.4708448350429535,378.8409118652344,317.1467590332031,916.8856811523438,0.6993054151535034,0,person,6.466666666666667
0.546869158744812,345.0439453125,345.9651794433594,912.1220092773438,0.46168094873428345,0,person,6.5
1.6364493370056152,291.6263732910156,358.0709228515625,914.4950561523438,0.5620890259742737,0,person,6.533333333333333
140.76858520507812,23.18134117126465,1300.1981201171875,912.7632446289062,0.27488112449645996,0,person,6.533333333333333
0.8368802070617676,315.14312744140625,365.6803894042969,915.2882080078125,0.506557047367096,0,person,6.566666666666666
603.7922973632812,53.66988754272461,1186.1658935546875,897.112548828125,0.2931406497955322,0,person,6.566666666666666
2.7650811672210693,309.2977294921875,378.146240234375,913.4159545898438,0.5100754499435425,0,person,6.6
2.77494478225708,262.944091796875,430.9523010253906,917.000732421875,0.2601519525051117,15,cat,6.633333333333334
164.0486297607422,5.571706295013428,1352.0,924.4110717773438,0.2615482211112976,0,person,6.733333333333333
0.0,30.229476928710938,565.0740356445312,911.6829223632812,0.25167316198349,0,person,6.733333333333333
262.16845703125,70.90206146240234,1152.9779052734375,915.8490600585938,0.3276732861995697,0,person,6.833333333333333
593.6932983398438,637.2679443359375,966.4407958984375,926.0,0.3253442347049713,0,person,6.866666666666666
748.1484985351562,29.25629425048828,1351.9420166015625,910.6807250976562,0.2835729718208313,0,person,6.966666666666667
480.27679443359375,22.592744827270508,1351.687255859375,910.1856689453125,0.2586515247821808,0,person,7.0
506.1040954589844,68.53339385986328,1305.18212890625,907.9050903320312,0.2893012464046478,0,person,7.033333333333333
10.244542121887207,11.709901809692383,695.8006591796875,909.3060302734375,0.3991600275039673,0,person,7.1
50.23543930053711,13.073214530944824,1274.92431640625,915.3987426757812,0.25246596336364746,0,person,7.266666666666667
4.105024337768555,24.869962692260742,1302.8948974609375,909.9256591796875,0.2635595202445984,0,person,7.3
20.805559158325195,33.22648239135742,704.7307739257812,915.5172729492188,0.3779711425304413,27,tie,7.333333333333333
0.0,37.304107666015625,1314.5430908203125,913.0640869140625,0.34791088104248047,0,person,7.333333333333333
6.535836696624756,31.823747634887695,780.0638427734375,914.6603393554688,0.3845684826374054,27,tie,7.366666666666666
0.14930877089500427,53.881797790527344,1316.0205078125,909.6410522460938,0.3019069731235504,0,person,7.366666666666666
10.306689262390137,61.14432144165039,1295.2987060546875,910.08203125,0.382209837436676,0,person,7.4
14.826245307922363,36.873199462890625,831.710205078125,918.3600463867188,0.296008825302124,27,tie,7.4
5.275447845458984,22.174894332885742,880.7177124023438,917.6697387695312,0.3086480498313904,27,tie,7.433333333333334
13.235552787780762,33.55411148071289,924.1614379882812,912.64208984375,0.3757811188697815,27,tie,7.466666666666667
0.0,30.378559112548828,1319.8192138671875,916.6473999023438,0.2992984354496002,0,person,7.466666666666667
9.266104698181152,45.54951477050781,1318.2327880859375,902.783447265625,0.5172919034957886,0,person,7.5
22.723783493041992,28.659929275512695,893.5633544921875,916.504150390625,0.29266995191574097,27,tie,7.5
24.82258415222168,31.597978591918945,1308.1663818359375,908.19580078125,0.4311230778694153,0,person,7.533333333333333
9.791264533996582,33.8398323059082,1350.048095703125,902.8438110351562,0.5211997032165527,0,person,7.566666666666666
1.5324779748916626,55.80811309814453,1309.4366455078125,894.0201416015625,0.5129446387290955,0,person,7.6
0.0,47.95985794067383,1276.0283203125,895.8826293945312,0.5121311545372009,0,person,7.633333333333334
0.0,31.865137100219727,1314.4801025390625,906.4573974609375,0.5097332000732422,0,person,7.666666666666667
0.0,5.552913665771484,522.211669921875,902.5606079101562,0.2592858076095581,75,vase,7.666666666666667
0.0,27.75492286682129,1317.5350341796875,907.37744140625,0.4381386935710907,0,person,7.7
0.0,31.91142463684082,1329.3692626953125,907.42333984375,0.4182918071746826,0,person,7.733333333333333
23.209972381591797,14.628997802734375,1302.4913330078125,907.1766967773438,0.5795803666114807,0,person,7.766666666666667
31.89483070373535,18.951990127563477,1283.4066162109375,910.1844482421875,0.7107384204864502,0,person,7.8
34.79642105102539,23.37133026123047,1287.473876953125,912.4659423828125,0.589488685131073,0,person,7.833333333333333
30.17094612121582,19.233104705810547,1258.641845703125,924.9188842773438,0.4831012487411499,0,person,7.866666666666666
29.017284393310547,25.381582260131836,1270.5975341796875,922.45068359375,0.47646716237068176,0,person,7.9
16.243711471557617,5.212810516357422,1103.2003173828125,921.2816162109375,0.48009228706359863,0,person,7.933333333333334
2.914228677749634,2.2497148513793945,1295.428955078125,917.804443359375,0.2826097905635834,0,person,7.966666666666667
13.400139808654785,0.0,1131.8358154296875,926.0,0.29449957609176636,0,person,8.0
3.0747549533843994,24.434219360351562,680.800537109375,869.9403686523438,0.33896949887275696,0,person,8.733333333333333
830.1849365234375,433.1224060058594,926.6969604492188,721.6378784179688,0.2658129036426544,0,person,8.766666666666667
0.9550023674964905,27.80762481689453,381.4794921875,787.622314453125,0.255285382270813,0,person,8.866666666666667
882.3580932617188,439.94622802734375,963.7300415039062,727.9533081054688,0.28773531317710876,0,person,8.9
868.6337890625,419.5799865722656,943.8372802734375,665.9988403320312,0.4926068186759949,0,person,8.933333333333334
892.6387939453125,408.6364440917969,970.5653076171875,657.3405151367188,0.2995518743991852,0,person,9.033333333333333
654.3334350585938,357.7361755371094,928.4447631835938,646.865478515625,0.2789102792739868,62,tv,9.166666666666666
437.3910217285156,102.95046997070312,614.9822998046875,413.31884765625,0.25972381234169006,34,baseball bat,9.7
558.9566650390625,59.081058502197266,711.3645629882812,352.0278015136719,0.2776453197002411,34,baseball bat,9.966666666666667
590.8845825195312,297.8750915527344,924.7012329101562,644.3133544921875,0.33637091517448425,14,bird,10.166666666666666
535.0830688476562,296.5127868652344,882.2764892578125,667.7186279296875,0.2507953345775604,14,bird,10.2
901.113525390625,423.9091491699219,998.9244384765625,665.751953125,0.25556710362434387,0,person,10.7
404.3287353515625,294.4822082519531,744.3997192382812,618.721435546875,0.3442719578742981,14,bird,11.2
790.0531005859375,432.2693786621094,881.0408935546875,711.3684692382812,0.27488285303115845,0,person,11.333333333333334
285.98931884765625,55.56733703613281,478.72052001953125,373.1014099121094,0.26743027567863464,34,baseball bat,11.366666666666667
284.98712158203125,55.471004486083984,479.57373046875,372.30145263671875,0.32279717922210693,34,baseball bat,11.4
253.99569702148438,308.7887878417969,614.5870971679688,636.4155883789062,0.2912845015525818,14,bird,11.433333333333334
278.02447509765625,52.351234436035156,471.2948303222656,352.9130859375,0.49109768867492676,34,baseball bat,11.466666666666667
768.9251098632812,422.6590270996094,879.822998046875,744.8032836914062,0.33998504281044006,0,person,11.5
769.73046875,426.5716247558594,875.0975952148438,729.709716796875,0.30807217955589294,0,person,11.533333333333333
294.0828552246094,30.33127212524414,488.3089904785156,342.5130920410156,0.2947666049003601,34,baseball bat,11.533333333333333
765.6640014648438,437.45654296875,863.4761962890625,706.3803100585938,0.31889235973358154,0,person,11.566666666666666
758.4151000976562,485.9576110839844,864.373779296875,805.1719970703125,0.3878113329410553,0,person,11.7
753.8170776367188,487.520263671875,849.3236083984375,777.137939453125,0.25924140214920044,0,person,11.733333333333333
186.58419799804688,79.20011138916016,591.3519897460938,732.6591796875,0.25291571021080017,14,bird,11.733333333333333
186.63995361328125,80.07014465332031,598.252197265625,748.9373779296875,0.3181315064430237,14,bird,11.766666666666667
829.9915161132812,560.6710815429688,951.8740234375,911.6680297851562,0.2743436098098755,0,person,11.933333333333334
828.5241088867188,558.2695922851562,947.2443237304688,899.4512329101562,0.47843724489212036,0,person,11.966666666666667
832.2822875976562,553.7893676757812,945.64892578125,893.8713989257812,0.6763383746147156,0,person,12.0
833.0490112304688,555.178466796875,943.5077514648438,890.2144165039062,0.6127946972846985,0,person,12.033333333333333
832.1453247070312,543.55810546875,940.0647583007812,883.834716796875,0.5396348237991333,0,person,12.066666666666666
835.7464599609375,527.0463256835938,938.7526245117188,851.929443359375,0.255170613527298,0,person,12.1
233.78736877441406,318.4833679199219,669.71533203125,688.3912353515625,0.28118810057640076,14,bird,12.133333333333333
838.336669921875,505.0312194824219,941.352783203125,845.9544677734375,0.4431832432746887,0,person,12.166666666666666
827.0277099609375,504.8716125488281,928.4181518554688,834.0872192382812,0.26725688576698303,0,person,12.2
818.0694580078125,505.41400146484375,923.7777709960938,828.3397216796875,0.32653456926345825,0,person,12.233333333333333
864.7711791992188,523.4078979492188,971.4552612304688,837.6149291992188,0.3827410638332367,0,person,12.4
369.6188049316406,52.57581329345703,540.414306640625,358.97967529296875,0.4495178163051605,34,baseball bat,12.6
868.4147338867188,371.2473449707031,946.4094848632812,624.60205078125,0.2814365327358246,0,person,12.666666666666666
877.8025512695312,352.9675598144531,975.4212036132812,610.00390625,0.45299574732780457,0,person,12.733333333333333
333.56231689453125,224.85598754882812,963.9822387695312,892.3594360351562,0.2680455446243286,63,laptop,13.333333333333334
192.70301818847656,188.2467498779297,720.3135375976562,917.9754028320312,0.3891417980194092,0,person,13.566666666666666
249.45455932617188,199.32150268554688,764.6828002929688,918.2816772460938,0.4921987056732178,0,person,13.6
341.9078674316406,221.97218322753906,824.6018676757812,917.93994140625,0.49801725149154663,0,person,13.633333333333333
746.454833984375,305.3588562011719,1218.504150390625,917.540771484375,0.3390901982784271,0,person,14.666666666666666
606.2974243164062,236.70620727539062,1214.04052734375,920.4837646484375,0.4975312650203705,0,person,14.733333333333333
635.80712890625,238.8426971435547,1185.4725341796875,914.7080688476562,0.4575890600681305,0,person,14.766666666666667
625.7839965820312,203.3214569091797,1144.7891845703125,920.5105590820312,0.4584622383117676,0,person,14.8
572.723876953125,168.53550720214844,1092.2640380859375,920.1053466796875,0.44724369049072266,0,person,14.833333333333334
489.222900390625,121.23968505859375,1066.9981689453125,919.458740234375,0.2584586441516876,0,person,14.866666666666667
265.1593017578125,22.98245620727539,1034.8348388671875,891.7971801757812,0.3094896376132965,0,person,14.933333333333334
290.1706237792969,21.34408950805664,1011.8004760742188,885.664794921875,0.30505654215812683,0,person,14.966666666666667
301.7392272949219,22.457136154174805,1004.6190795898438,883.5230102539062,0.3074888586997986,0,person,15.0
147.56341552734375,27.570510864257812,1138.4967041015625,892.1716918945312,0.3617415726184845,0,person,15.033333333333333
295.4168701171875,28.38358497619629,952.8143310546875,920.1222534179688,0.3193790018558502,0,person,15.066666666666666
335.1651611328125,14.250053405761719,904.1871337890625,906.4228515625,0.46334537863731384,0,person,15.1
351.45306396484375,79.55426788330078,912.534912109375,914.3272705078125,0.40450143814086914,0,person,15.133333333333333
8.132428169250488,13.363935470581055,1261.032470703125,911.4739379882812,0.3043540418148041,0,person,15.333333333333334
242.9470672607422,364.8336181640625,784.5813598632812,911.7979125976562,0.3211747705936432,0,person,15.433333333333334
13.952763557434082,13.927001953125,1169.3968505859375,901.16015625,0.29402750730514526,0,person,15.433333333333334
252.5678253173828,375.2521667480469,759.384033203125,911.5429077148438,0.47727155685424805,0,person,15.466666666666667
288.85650634765625,366.5680847167969,752.4725341796875,913.3714599609375,0.4779963493347168,0,person,15.5
40.34811782836914,23.348926544189453,1240.044677734375,914.0416870117188,0.2954169511795044,0,person,15.5
1051.8436279296875,463.0248107910156,1224.90478515625,917.2380981445312,0.2645503878593445,56,chair,15.5
278.8712158203125,324.7630920410156,770.8892211914062,917.9138793945312,0.25492697954177856,0,person,15.566666666666666
270.4858093261719,326.63604736328125,774.9043579101562,917.9481201171875,0.32189318537712097,0,person,15.6
255.1510009765625,312.01708984375,793.5445556640625,915.8348388671875,0.3178789019584656,0,person,15.633333333333333
314.4608459472656,306.36578369140625,797.7786254882812,916.57373046875,0.4793582856655121,0,person,15.666666666666666
343.23114013671875,311.8796081542969,793.1375732421875,919.52001953125,0.6070002317428589,0,person,15.7
342.2078552246094,316.3912048339844,794.5281982421875,919.1728515625,0.41627800464630127,0,person,15.733333333333333
355.0740051269531,315.1076354980469,815.69970703125,914.3950805664062,0.597693145275116,0,person,15.766666666666667
420.0332946777344,313.6822509765625,878.379638671875,915.0399780273438,0.4355626404285431,0,person,15.8
471.5272216796875,332.16162109375,945.9598388671875,916.09716796875,0.3913249969482422,0,person,15.833333333333334
603.2273559570312,344.22332763671875,1046.45361328125,911.7335815429688,0.48467540740966797,0,person,15.866666666666667
622.7940673828125,350.2989501953125,1050.0869140625,911.6065673828125,0.572856068611145,0,person,15.9
621.8509521484375,349.9689025878906,1050.4893798828125,912.1251831054688,0.5757444500923157,0,person,15.933333333333334
611.176513671875,375.2291259765625,1077.0531005859375,912.72265625,0.6318346858024597,0,person,15.966666666666667
596.5704345703125,406.6727600097656,1106.77294921875,915.5709228515625,0.5956599712371826,0,person,16.0
594.079345703125,420.7153625488281,1098.0059814453125,920.5381469726562,0.4526762068271637,0,person,16.033333333333335
559.2608642578125,428.0557556152344,1076.996826171875,920.6491088867188,0.5318471789360046,0,person,16.066666666666666
293.8846435546875,14.500415802001953,1254.4393310546875,889.9070434570312,0.2573425769805908,0,person,16.066666666666666
539.5078125,421.8003845214844,1042.60107421875,909.042236328125,0.4827629327774048,0,person,16.1
498.9600830078125,407.3283996582031,1018.73681640625,913.2537231445312,0.44987952709198,0,person,16.133333333333333
331.0753173828125,13.603886604309082,1219.1036376953125,885.6787109375,0.3273427188396454,0,person,16.133333333333333
450.7437744140625,397.3751525878906,966.949462890625,905.94189453125,0.4243176579475403,0,person,16.166666666666668
330.74530029296875,14.946247100830078,1212.1783447265625,890.2350463867188,0.28033915162086487,0,person,16.166666666666668
410.14630126953125,380.2528991699219,934.1984252929688,913.74951171875,0.5276760458946228,0,person,16.2
369.318359375,364.21856689453125,904.478271484375,909.7648315429688,0.3456398546695709,0,person,16.233333333333334
331.5452575683594,335.85247802734375,856.433349609375,914.1317138671875,0.40182191133499146,0,person,16.266666666666666
284.99261474609375,308.34039306640625,811.299072265625,914.7909545898438,0.4964178502559662,0,person,16.3
254.6387176513672,283.4141540527344,756.7630615234375,911.6392211914062,0.26876673102378845,0,person,16.333333333333332
197.35707092285156,244.95999145507812,723.6962280273438,915.907470703125,0.3626875579357147,0,person,16.366666666666667
147.55477905273438,226.2188720703125,705.4524536132812,908.6520385742188,0.5831441879272461,0,person,16.4
114.47570037841797,199.13648986816406,672.9913940429688,908.9833984375,0.45039063692092896,0,person,16.433333333333334
645.5403442382812,8.5127534866333,1334.8857421875,873.01220703125,0.34200620651245117,0,person,16.433333333333334
110.46957397460938,218.3361358642578,646.7059326171875,911.4005737304688,0.6994959115982056,0,person,16.466666666666665
110.42736053466797,233.17227172851562,628.5569458007812,915.1257934570312,0.7658932209014893,0,person,16.5
100.71713256835938,235.7238006591797,614.807373046875,922.3257446289062,0.6922149062156677,0,person,16.533333333333335
108.23985290527344,246.0403289794922,643.7028198242188,926.0,0.6771295070648193,0,person,16.566666666666666
96.86082458496094,245.91075134277344,622.2645263671875,923.14013671875,0.5456024408340454,0,person,16.6
950.2891235351562,280.6745300292969,1181.7628173828125,811.5204467773438,0.26228976249694824,56,chair,16.6
128.80995178222656,260.81231689453125,638.9566650390625,924.6362915039062,0.39333608746528625,0,person,16.633333333333333
125.42254638671875,253.47360229492188,639.8323974609375,925.8230590820312,0.34227460622787476,0,person,16.666666666666668
940.4599609375,257.2749328613281,1177.0924072265625,747.1516723632812,0.2713127136230469,56,chair,16.666666666666668
213.5918731689453,264.4625549316406,670.68115234375,921.700439453125,0.54050612449646,0,person,16.7
224.08558654785156,256.6924743652344,717.9066772460938,913.4441528320312,0.47976502776145935,0,person,16.733333333333334
141.56898498535156,230.84007263183594,758.0430908203125,919.052978515625,0.41714510321617126,0,person,16.766666666666666
202.41627502441406,191.27056884765625,795.9238891601562,915.6965942382812,0.44460776448249817,0,person,16.8
389.8100891113281,103.73783874511719,876.7445678710938,910.4532470703125,0.38019776344299316,0,person,16.833333333333332
443.8706970214844,112.59176635742188,907.2738037109375,907.2001953125,0.46165332198143005,0,person,16.866666666666667
499.5473327636719,110.7252426147461,974.82666015625,917.9466552734375,0.4510176181793213,0,person,16.9
531.6354370117188,56.45978927612305,1055.0565185546875,917.6544189453125,0.31080687046051025,0,person,16.933333333333334
591.0690307617188,140.86209106445312,1085.49658203125,915.1632080078125,0.36574941873550415,0,person,16.966666666666665
535.3375244140625,113.31097412109375,1165.6131591796875,907.47119140625,0.36088553071022034,0,person,17.0
667.5689697265625,84.03495025634766,1208.7734375,905.47705078125,0.5880948901176453,0,person,17.033333333333335
667.10791015625,79.91448211669922,1218.0867919921875,906.0899658203125,0.5512012243270874,0,person,17.066666666666666
666.2821655273438,70.81354522705078,1296.675048828125,886.423583984375,0.46487319469451904,0,person,17.1
708.308837890625,49.306602478027344,1304.644775390625,888.4981689453125,0.5984119176864624,0,person,17.133333333333333
678.2373046875,44.88310623168945,1315.6571044921875,883.5026245117188,0.4258831739425659,0,person,17.166666666666668
640.3828125,53.240753173828125,1322.627197265625,881.8318481445312,0.4207575023174286,0,person,17.2
535.5964965820312,41.07173538208008,1079.4473876953125,844.237548828125,0.26479843258857727,0,person,17.266666666666666
111.29679870605469,47.567054748535156,626.979248046875,875.3831176757812,0.26763036847114563,0,person,17.4
61.91327667236328,45.895904541015625,666.313720703125,897.1236572265625,0.4391655921936035,0,person,17.433333333333334
60.59931182861328,46.80874252319336,669.928466796875,898.0174560546875,0.45078879594802856,0,person,17.466666666666665
53.84673309326172,39.607723236083984,652.8087768554688,895.398193359375,0.4409225583076477,0,person,17.5
95.04586791992188,27.81159019470215,639.3770751953125,891.9527587890625,0.46434321999549866,0,person,17.533333333333335
84.64398956298828,24.80194854736328,657.471923828125,881.9326782226562,0.50615394115448,0,person,17.566666666666666
95.4024429321289,34.001808166503906,689.5017700195312,865.4237670898438,0.3188490867614746,0,person,17.6
113.12405395507812,33.72172927856445,684.5150756835938,866.5012817382812,0.3836870789527893,0,person,17.633333333333333
624.41259765625,99.22821044921875,1197.44580078125,838.5921630859375,0.2761971950531006,41,cup,17.733333333333334
1038.2142333984375,37.02763366699219,1351.421142578125,843.8770141601562,0.26580989360809326,0,person,17.833333333333332
1037.1180419921875,36.6850471496582,1351.3201904296875,845.2131958007812,0.2590577006340027,0,person,17.866666666666667
377.0927734375,431.4918518066406,612.0184326171875,913.7469482421875,0.2513538897037506,56,chair,18.466666666666665
0.0,5.231522560119629,991.066162109375,543.9605102539062,0.2572556138038635,25,umbrella,18.566666666666666
2.9389846324920654,5.661704063415527,977.317626953125,527.3603515625,0.3724912703037262,25,umbrella,18.6
4.193023681640625,6.891003131866455,886.3189086914062,515.0413208007812,0.46690061688423157,25,umbrella,18.633333333333333
1054.4281005859375,30.2584228515625,1351.802734375,909.9977416992188,0.3606716990470886,0,person,18.633333333333333
1007.8983154296875,43.235939025878906,1350.59423828125,906.1624755859375,0.5628206133842468,0,person,18.666666666666668
15.887266159057617,12.4390230178833,870.65771484375,507.081298828125,0.31882014870643616,25,umbrella,18.666666666666668
971.5962524414062,32.62876510620117,1349.1514892578125,917.0883178710938,0.4894530773162842,0,person,18.7
15.778572082519531,9.352131843566895,903.1000366210938,471.9897155761719,0.3141551911830902,25,umbrella,18.7
13.727446556091309,9.223694801330566,912.0632934570312,445.57672119140625,0.5888161659240723,25,umbrella,18.733333333333334
896.8683471679688,27.78925132751465,1348.70849609375,901.8312377929688,0.5649195909500122,0,person,18.733333333333334
14.540489196777344,9.892570495605469,920.0939331054688,437.72601318359375,0.48920613527297974,25,umbrella,18.766666666666666
879.6414184570312,26.33926010131836,1349.8563232421875,910.09814453125,0.3406440019607544,0,person,18.766666666666666
30.69581413269043,10.825331687927246,951.244140625,434.3697204589844,0.40419796109199524,25,umbrella,18.8
934.8189086914062,23.134376525878906,1347.549560546875,907.57421875,0.36806878447532654,0,person,18.8
993.2818603515625,41.966007232666016,1350.8348388671875,903.6958618164062,0.40357935428619385,0,person,18.833333333333332
1021.7840576171875,40.9392204284668,1351.04931640625,904.6776123046875,0.43941617012023926,0,person,18.866666666666667
1061.4710693359375,25.663536071777344,1351.3587646484375,910.376953125,0.28670987486839294,0,person,18.9
1056.688232421875,27.247556686401367,1351.122314453125,910.158447265625,0.3064936697483063,0,person,18.933333333333334
1124.6063232421875,115.7200927734375,1351.9705810546875,917.8836059570312,0.40713152289390564,0,person,18.966666666666665
1088.263671875,125.01453399658203,1351.005859375,907.2355346679688,0.27823173999786377,0,person,19.033333333333335
1113.298828125,130.19198608398438,1351.39111328125,911.6461791992188,0.3975878059864044,0,person,19.066666666666666
1116.8507080078125,110.16920471191406,1351.011962890625,907.2083129882812,0.4678775370121002,0,person,19.1
1111.45361328125,95.95560455322266,1350.98974609375,919.105712890625,0.4596804976463318,0,person,19.133333333333333
1117.00732421875,110.49657440185547,1350.1925048828125,904.6704711914062,0.48376697301864624,0,person,19.166666666666668
1104.3548583984375,60.525230407714844,1350.6148681640625,887.1008911132812,0.4707658886909485,0,person,19.2
217.68017578125,2.304932117462158,929.1755981445312,389.9844055175781,0.33778315782546997,25,umbrella,19.2
1032.3502197265625,47.94384002685547,1351.2362060546875,859.9954833984375,0.544926643371582,0,person,19.233333333333334
984.2033081054688,35.30326461791992,1352.0,851.859375,0.3835096061229706,0,person,19.266666666666666
914.015869140625,42.08994674682617,1350.7799072265625,840.6491088867188,0.30006101727485657,0,person,19.3
962.131103515625,58.293495178222656,1349.97314453125,830.3018798828125,0.33581051230430603,0,person,19.333333333333332
1012.8396606445312,48.94097137451172,1351.3502197265625,841.177734375,0.35814979672431946,0,person,19.366666666666667
1014.2123413085938,51.258094787597656,1351.1793212890625,840.9869384765625,0.38698598742485046,0,person,19.4
1023.6653442382812,34.45009231567383,1351.14208984375,874.3837890625,0.5072669386863708,0,person,19.433333333333334
1011.16162109375,44.16721725463867,1351.53125,885.02685546875,0.30656033754348755,0,person,19.466666666666665
1003.8607788085938,39.89447784423828,1351.104736328125,875.69189453125,0.5102894306182861,0,person,19.5
981.4630737304688,43.94837951660156,1350.770751953125,855.5482177734375,0.28508949279785156,0,person,19.533333333333335
948.6853637695312,19.22707748413086,1352.0,817.3067626953125,0.34916841983795166,0,person,19.566666666666666
143.17498779296875,47.075286865234375,1283.1126708984375,919.9075317382812,0.27968502044677734,0,person,20.0
147.06837463378906,47.344120025634766,1280.4373779296875,920.2507934570312,0.29126039147377014,0,person,20.033333333333335
18.497333526611328,41.383827209472656,1155.66259765625,915.667724609375,0.27142125368118286,0,person,20.066666666666666
113.4019775390625,31.138126373291016,918.130859375,911.0841674804688,0.27545833587646484,0,person,20.1
157.3867645263672,23.869123458862305,811.7154541015625,910.9849853515625,0.36989808082580566,0,person,20.166666666666668
44.72165298461914,15.958013534545898,951.302490234375,910.2778930664062,0.272363543510437,0,person,20.3
75.85501098632812,16.984317779541016,1068.1910400390625,914.6094970703125,0.2885599136352539,0,person,20.333333333333332
20.81426239013672,11.985536575317383,975.8121948242188,912.3995361328125,0.26231035590171814,0,person,20.366666666666667
32.25778579711914,15.56179141998291,954.7293701171875,910.2017211914062,0.3042667508125305,0,person,20.4
29.274158477783203,24.572826385498047,848.7916259765625,913.70556640625,0.322052925825119,0,person,20.5
8.369318008422852,63.66667938232422,799.4619750976562,920.49560546875,0.3842642605304718,0,person,20.533333333333335
11.121956825256348,31.142414093017578,776.5143432617188,914.9374389648438,0.5083324313163757,0,person,20.566666666666666
13.104843139648438,34.446449279785156,725.5142822265625,913.829833984375,0.4348698854446411,0,person,20.6
5.349940776824951,34.10624694824219,600.1806640625,926.0,0.35017359256744385,0,person,20.7
0.0,34.931217193603516,545.9022827148438,926.0,0.2598934769630432,0,person,20.733333333333334
3.120882272720337,16.01481056213379,487.4557800292969,924.3304443359375,0.29800891876220703,0,person,20.766666666666666
2.8200888633728027,15.415383338928223,453.54437255859375,923.346435546875,0.5938339233398438,0,person,20.8
3.2605369091033936,27.81729507446289,458.51422119140625,913.97412109375,0.277000367641449,0,person,20.833333333333332
2.789933681488037,28.782289505004883,489.4091491699219,883.7241821289062,0.3182069659233093,0,person,20.866666666666667
1056.7611083984375,367.5726623535156,1352.0,670.2904052734375,0.32437387108802795,14,bird,20.9
4.177083969116211,25.606576919555664,494.6976318359375,874.9019775390625,0.26681482791900635,0,person,20.9
4.530547618865967,31.9083309173584,568.7691040039062,876.1390380859375,0.3390450179576874,0,person,20.933333333333334
3.490060329437256,37.204307556152344,570.2678833007812,883.3916625976562,0.25225502252578735,0,person,20.966666666666665
4.451928615570068,37.602596282958984,571.65771484375,885.2517700195312,0.2723681628704071,0,person,21.0
7.775950908660889,34.76943588256836,569.403564453125,867.3067626953125,0.42814624309539795,0,person,21.033333333333335
5.7656331062316895,47.44820785522461,493.23089599609375,871.3717041015625,0.2874363660812378,0,person,21.066666666666666
1080.8492431640625,330.8672790527344,1352.0,645.7645874023438,0.2859942317008972,14,bird,21.066666666666666
4.983825206756592,47.41800308227539,449.11383056640625,806.8618774414062,0.2795652449131012,0,person,21.1
1040.7210693359375,318.6187438964844,1352.0,628.6538696289062,0.2692585587501526,14,bird,21.1
1.4102619886398315,8.12146282196045,396.064208984375,594.7462158203125,0.25857049226760864,0,person,21.133333333333333
0.0,49.965179443359375,578.6964721679688,926.0,0.34005028009414673,0,person,21.6
0.8585415482521057,99.68061828613281,364.5516357421875,732.0223999023438,0.33606064319610596,0,person,21.633333333333333
1.1793845891952515,115.43040466308594,346.2039794921875,740.6793823242188,0.3771284818649292,0,person,21.666666666666668
779.8652954101562,435.59490966796875,1195.9635009765625,832.3043212890625,0.25235113501548767,14,bird,21.766666666666666
0.0,8.338092803955078,167.5612030029297,418.1798400878906,0.3816498816013336,0,person,22.733333333333334
0.0,4.985075950622559,208.88955688476562,439.7738342285156,0.34319326281547546,0,person,22.8
0.23750151693820953,6.1089372634887695,193.09637451171875,430.5352783203125,0.39579662680625916,0,person,22.833333333333332
425.7175598144531,246.17190551757812,529.1558227539062,334.8954772949219,0.44295063614845276,62,tv,22.866666666666667
536.77099609375,261.47705078125,585.490478515625,324.1430358886719,0.29909366369247437,62,tv,22.866666666666667
0.4207529127597809,1.530441164970398,171.83154296875,364.9655456542969,0.312311589717865,0,person,22.9
303.22808837890625,82.55699157714844,419.98358154296875,174.69261169433594,0.2824169993400574,62,tv,23.2
1098.81982421875,88.96620178222656,1334.365966796875,489.5662841796875,0.3527801036834717,9,traffic light,24.033333333333335
9.913931846618652,141.95294189453125,244.05889892578125,442.4545593261719,0.3295038342475891,62,tv,24.1
30.446426391601562,172.94546508789062,268.59564208984375,473.1667175292969,0.25960633158683777,62,tv,24.133333333333333
1.4064422845840454,285.7774353027344,228.0815887451172,599.2581787109375,0.3155287504196167,62,tv,24.266666666666666
1078.4019775390625,111.96906280517578,1305.552734375,478.57452392578125,0.2615163326263428,9,traffic light,24.833333333333332
1.3318604230880737,112.30355834960938,229.31398010253906,242.3378448486328,0.31026503443717957,62,tv,24.933333333333334
234.5486602783203,154.0570068359375,321.09375,225.4322052001953,0.29561105370521545,62,tv,24.933333333333334
2.214142322540283,115.11955261230469,252.0037841796875,432.84808349609375,0.45016607642173767,62,tv,25.033333333333335
86.96204376220703,55.47332763671875,368.3715515136719,218.13441467285156,0.3129536509513855,62,tv,25.033333333333335
2.585198163986206,112.46255493164062,278.4508056640625,431.5325927734375,0.4634338319301605,62,tv,25.066666666666666
111.19395446777344,52.2468147277832,398.23388671875,217.885986328125,0.40940120816230774,62,tv,25.066666666666666
0.0,124.01272583007812,286.7618408203125,461.60498046875,0.5226616263389587,62,tv,25.1
250.35202026367188,248.07252502441406,474.59521484375,533.071533203125,0.26076236367225647,62,tv,25.1
0.42550745606422424,125.75727081298828,289.4163513183594,491.5116271972656,0.3409999907016754,62,tv,25.133333333333333
238.89312744140625,284.18218994140625,469.3154602050781,565.3224487304688,0.25462666153907776,62,tv,25.133333333333333
1.7975397109985352,177.2689208984375,256.1088562011719,526.447021484375,0.46772506833076477,62,tv,25.166666666666668
214.91212463378906,314.0872497558594,447.5077209472656,598.0819702148438,0.405277818441391,62,tv,25.166666666666668
151.04342651367188,477.6161193847656,208.91015625,546.761474609375,0.41208797693252563,62,tv,26.733333333333334
10.03646183013916,440.1147155761719,149.14083862304688,543.6925659179688,0.2792896032333374,62,tv,26.733333333333334
150.8733367919922,477.6342468261719,208.2403106689453,546.7787475585938,0.39609700441360474,62,tv,26.766666666666666
5.630394458770752,511.97625732421875,293.39959716796875,819.5621337890625,0.26023340225219727,62,tv,27.033333333333335
1.0104693174362183,469.4173889160156,257.69970703125,785.8118286132812,0.257336288690567,62,tv,27.2
0.0,22.65631103515625,256.403076171875,546.536865234375,0.2771207094192505,0,person,27.633333333333333
782.285400390625,58.12392807006836,1137.677001953125,351.7505187988281,0.2709706723690033,25,umbrella,27.633333333333333
1.3621524572372437,20.19574546813965,461.8011779785156,631.0802001953125,0.34468215703964233,0,person,27.733333333333334
92.26486206054688,14.065286636352539,583.2328491210938,691.16845703125,0.5220394134521484,0,person,27.766666666666666
210.9945526123047,54.044837951660156,709.93212890625,833.4000244140625,0.578037679195404,0,person,27.8
341.8205871582031,114.83726501464844,851.9430541992188,869.352783203125,0.6555773615837097,0,person,27.833333333333332
475.81817626953125,170.60226440429688,956.8543090820312,896.9801635742188,0.3104953467845917,0,person,27.866666666666667
615.45849609375,201.3515167236328,1070.8016357421875,904.3806762695312,0.5380145311355591,0,person,27.9
816.3582763671875,219.5332794189453,1288.6536865234375,908.5145263671875,0.5140718221664429,0,person,27.933333333333334
882.1697387695312,190.89361572265625,1331.1600341796875,896.4768676757812,0.5552536249160767,0,person,27.966666666666665
884.4201049804688,191.49630737304688,1331.47119140625,896.0404663085938,0.5376913547515869,0,person,28.0
907.97509765625,184.7781524658203,1347.275634765625,886.476318359375,0.6912350058555603,0,person,28.033333333333335
910.5886840820312,178.82614135742188,1350.73681640625,892.8353881835938,0.674928605556488,0,person,28.066666666666666
927.7271728515625,168.1772918701172,1352.0,892.8095703125,0.49722445011138916,0,person,28.1
974.4462890625,131.64468383789062,1352.0,897.3200073242188,0.5097302794456482,0,person,28.133333333333333
5.8251051902771,3.9627366065979004,789.5982055664062,475.5456848144531,0.2935032248497009,25,umbrella,28.133333333333333
915.3176879882812,132.92034912109375,1352.0,907.4077758789062,0.41103318333625793,0,person,28.166666666666668
890.6207885742188,221.39576721191406,1344.130859375,906.8397216796875,0.438164085149765,0,person,28.2
833.306640625,261.7659606933594,1344.1361083984375,920.3609008789062,0.5699900984764099,0,person,28.233333333333334
833.2114868164062,262.2381896972656,1342.8665771484375,919.8665161132812,0.5392878651618958,0,person,28.266666666666666
847.9801025390625,282.7421569824219,1338.1087646484375,915.7377319335938,0.37926971912384033,0,person,28.3
862.7047729492188,317.4411926269531,1324.769775390625,908.4683837890625,0.36581599712371826,0,person,28.333333333333332
840.783935546875,315.77972412109375,1305.216552734375,913.4338989257812,0.3803905248641968,0,person,28.366666666666667
825.498779296875,317.0217590332031,1304.7686767578125,912.9898071289062,0.2577070891857147,0,person,28.4
800.1843872070312,328.1712951660156,1260.749267578125,910.913330078125,0.3054569959640503,0,person,28.433333333333334
770.9860229492188,336.43597412109375,1250.7745361328125,913.6583862304688,0.48686856031417847,0,person,28.466666666666665
769.6607666015625,317.3910827636719,1212.947265625,916.2492065429688,0.3615204393863678,0,person,28.5
737.1759643554688,305.0122375488281,1170.39111328125,916.188232421875,0.3058651089668274,0,person,28.533333333333335
695.1943969726562,280.01104736328125,1118.4654541015625,905.2728271484375,0.40210479497909546,0,person,28.566666666666666
605.8676147460938,245.60606384277344,1067.4664306640625,913.7638549804688,0.46764686703681946,0,person,28.6
603.0784912109375,158.83978271484375,1041.76611328125,889.1726684570312,0.41297903656959534,0,person,28.633333333333333
534.1168823242188,68.23932647705078,1019.8453979492188,809.1155395507812,0.33170515298843384,0,person,28.666666666666668
573.2044067382812,34.73020553588867,999.3209228515625,685.5797729492188,0.2879970073699951,0,person,28.7
4.024841785430908,3.92983341217041,488.3387145996094,236.33558654785156,0.613608717918396,25,umbrella,28.733333333333334
291.6705627441406,183.2154998779297,575.5020141601562,307.514892578125,0.28949612379074097,25,umbrella,28.733333333333334
519.235595703125,11.147061347961426,1018.8468627929688,694.746826171875,0.26478704810142517,0,person,28.733333333333334
4.065360069274902,6.885942459106445,483.8403625488281,256.2359924316406,0.4003087282180786,25,umbrella,28.766666666666666
567.2244262695312,10.597951889038086,1037.8350830078125,714.0563354492188,0.2716861069202423,0,person,28.766666666666666
621.92724609375,33.95155715942383,1056.231689453125,904.1798095703125,0.33259645104408264,0,person,28.8
630.9058227539062,168.34715270996094,1087.4276123046875,921.3627319335938,0.445075124502182,0,person,28.833333333333332
587.4505004882812,73.17005920410156,1235.5059814453125,908.3377075195312,0.3866775333881378,0,person,28.866666666666667
0.0,6.275878429412842,641.4362182617188,443.54046630859375,0.3265365958213806,25,umbrella,28.866666666666667
0.0,6.068708896636963,631.1053466796875,439.2325134277344,0.6224846839904785,25,umbrella,28.9
604.4729614257812,57.63072967529297,1145.48291015625,905.6804809570312,0.4706496298313141,0,person,28.9
0.0,5.760566234588623,627.5863647460938,440.3292541503906,0.6404000520706177,25,umbrella,28.933333333333334
598.2385864257812,65.593505859375,1149.7628173828125,905.6570434570312,0.48725858330726624,0,person,28.933333333333334
0.0,6.190828323364258,631.0556640625,440.7430725097656,0.6133467555046082,25,umbrella,28.966666666666665
594.0689697265625,53.515357971191406,1152.1875,906.35009765625,0.47447243332862854,0,person,28.966666666666665
564.6067504882812,273.5679931640625,1099.4830322265625,913.9639282226562,0.26143038272857666,0,person,29.033333333333335
568.5653076171875,275.15777587890625,1098.367919921875,913.7615966796875,0.256044864654541,0,person,29.066666666666666
609.6591186523438,320.52850341796875,1077.4976806640625,916.000732421875,0.4843873977661133,0,person,29.133333333333333
588.378173828125,336.9165954589844,1089.3953857421875,918.196533203125,0.4067385792732239,0,person,29.166666666666668
986.630859375,262.30950927734375,1351.2047119140625,905.1130981445312,0.586787223815918,0,person,29.333333333333332
1017.6978759765625,158.30250549316406,1352.0,897.5514526367188,0.47172993421554565,0,person,29.366666666666667
1017.2828369140625,162.65335083007812,1352.0,897.7001342773438,0.45720505714416504,0,person,29.4
999.47412109375,121.3031234741211,1350.09912109375,906.421630859375,0.5186884999275208,0,person,29.433333333333334
18.665563583374023,6.458146572113037,1014.9868774414062,454.1600646972656,0.36180612444877625,25,umbrella,29.433333333333334
0.0,6.257988452911377,996.9057006835938,427.4522705078125,0.5166693925857544,25,umbrella,29.466666666666665
996.3258666992188,74.6805191040039,1352.0,904.6490478515625,0.3763737678527832,0,person,29.466666666666665
0.0,6.762534141540527,994.913330078125,432.7837829589844,0.5435419678688049,25,umbrella,29.5
1077.7056884765625,86.31371307373047,1352.0,774.220458984375,0.44611141085624695,0,person,29.5
0.0,5.815106391906738,984.4381103515625,425.9034118652344,0.5210039615631104,25,umbrella,29.533333333333335
1051.8760986328125,71.00743865966797,1352.0,806.9108276367188,0.26294344663619995,0,person,29.533333333333335
1.1986929178237915,5.001306056976318,1011.8670043945312,420.9100646972656,0.4376939833164215,25,umbrella,29.566666666666666
1055.28759765625,81.86210632324219,1352.0,793.0221557617188,0.3376260995864868,0,person,29.566666666666666
7.0601582527160645,2.8388915061950684,959.2550048828125,397.8036193847656,0.3741951882839203,25,umbrella,29.6
983.5524291992188,68.45616149902344,1349.169189453125,906.8919067382812,0.3733227849006653,0,person,29.6
1058.209228515625,21.886688232421875,1352.0,620.8667602539062,0.40691131353378296,0,person,29.633333333333333
31.714447021484375,1.1755588054656982,952.691162109375,354.87542724609375,0.26960116624832153,25,umbrella,29.633333333333333
997.5191650390625,28.6024227142334,1349.541259765625,866.0785522460938,0.284419447183609,0,person,29.666666666666668
1183.2431640625,37.897666931152344,1352.0,671.8740844726562,0.300008088350296,0,person,30.4
12.519309043884277,6.155499458312988,598.72216796875,909.0132446289062,0.286447674036026,72,refrigerator,30.4
18.713560104370117,18.81325340270996,591.5767211914062,910.398193359375,0.2995505928993225,72,refrigerator,30.433333333333334
772.8694458007812,59.95536422729492,1347.2919921875,911.0453491210938,0.261176735162735,0,person,30.433333333333334
1168.1116943359375,27.94526481628418,1350.940673828125,666.4672241210938,0.3110298812389374,0,person,30.5
1178.793212890625,22.641096115112305,1351.3038330078125,681.7003784179688,0.38039180636405945,0,person,30.6
247.6008758544922,4.527495861053467,1147.8433837890625,317.4365234375,0.2584242522716522,25,umbrella,30.6
1232.5701904296875,49.05978775024414,1351.27490234375,717.1480102539062,0.27749279141426086,0,person,30.633333333333333
1243.0548095703125,238.8755645751953,1352.0,909.775146484375,0.27042198181152344,0,person,30.7
9.228616714477539,24.362564086914062,630.7719116210938,911.2119140625,0.27462050318717957,72,refrigerator,30.733333333333334
1123.6304931640625,399.3031005859375,1351.5037841796875,916.7510986328125,0.42482003569602966,0,person,30.966666666666665
1124.8909912109375,380.84075927734375,1351.4677734375,918.9746704101562,0.42919349670410156,0,person,31.0
1069.5338134765625,354.15545654296875,1352.0,923.4354858398438,0.6145379543304443,0,person,31.033333333333335
1010.1654052734375,336.8400573730469,1351.5531005859375,919.793701171875,0.7188795208930969,0,person,31.066666666666666
1027.15185546875,320.35247802734375,1351.446533203125,925.718994140625,0.6521939039230347,0,person,31.1
995.67578125,319.98712158203125,1349.8299560546875,924.8290405273438,0.6531085968017578,0,person,31.133333333333333
990.1921997070312,317.8717041015625,1349.31689453125,922.7442626953125,0.6911082863807678,0,person,31.166666666666668
981.5755615234375,310.2242126464844,1351.3951416015625,921.2335205078125,0.7722228765487671,0,person,31.2
1055.605224609375,301.15789794921875,1349.480712890625,922.8074340820312,0.63920658826828,0,person,31.233333333333334
1108.8135986328125,327.1546325683594,1350.7469482421875,920.36181640625,0.5882207155227661,0,person,31.266666666666666
1144.406494140625,356.5174560546875,1351.0784912109375,910.629638671875,0.6331059336662292,0,person,31.3
1143.6978759765625,356.55511474609375,1351.0977783203125,910.648193359375,0.6319970488548279,0,person,31.333333333333332
1147.901611328125,495.974853515625,1350.505859375,914.449951171875,0.5703541040420532,0,person,31.6
1122.22900390625,469.7513732910156,1350.166015625,914.4365234375,0.7614190578460693,0,person,31.633333333333333
1099.2755126953125,445.6785583496094,1350.7906494140625,914.8016967773438,0.6347182393074036,0,person,31.666666666666668
1064.56591796875,412.2646789550781,1350.4625244140625,908.7615966796875,0.588364839553833,0,person,31.7
1009.3489990234375,355.3106994628906,1351.3011474609375,921.589111328125,0.8096385598182678,0,person,31.733333333333334
1004.2994384765625,343.8518981933594,1351.5836181640625,922.4218139648438,0.7656287550926208,0,person,31.766666666666666
1003.968017578125,339.9263610839844,1351.5654296875,922.737060546875,0.7612177729606628,0,person,31.8
1003.3793334960938,340.00341796875,1351.4183349609375,922.5947875976562,0.7349339723587036,0,person,31.833333333333332
1003.6932373046875,341.6474609375,1351.789306640625,922.9629516601562,0.7522380352020264,0,person,31.866666666666667
1009.7566528320312,343.7654724121094,1351.66162109375,916.7807006835938,0.769262433052063,0,person,31.9
1013.444091796875,357.1475830078125,1352.0,918.61083984375,0.7684050798416138,0,person,31.933333333333334
1022.7135620117188,359.4709777832031,1352.0,915.8681030273438,0.7732931971549988,0,person,31.966666666666665
1029.104248046875,364.80792236328125,1352.0,916.6444091796875,0.737474799156189,0,person,32.0
1027.2117919921875,356.752685546875,1352.0,919.5463256835938,0.788508415222168,0,person,32.03333333333333
1016.0198974609375,328.10107421875,1352.0,926.0,0.735774040222168,0,person,32.06666666666667
1012.8877563476562,298.1864318847656,1351.66943359375,924.7395629882812,0.6606189608573914,0,person,32.1
1000.0325317382812,169.779296875,1352.0,914.3626708984375,0.34982848167419434,0,person,32.13333333333333
967.3511962890625,91.69446563720703,1352.0,901.5798950195312,0.44623038172721863,0,person,32.166666666666664
969.1044921875,94.2711410522461,1352.0,901.8674926757812,0.4160290062427521,0,person,32.2
943.8391723632812,64.75142669677734,1350.7860107421875,880.8958129882812,0.40078723430633545,0,person,32.233333333333334
898.0148315429688,57.428009033203125,1350.29248046875,869.5725708007812,0.44735482335090637,0,person,32.266666666666666
883.4910278320312,47.767616271972656,1349.9735107421875,889.8453979492188,0.4671683609485626,0,person,32.3
883.3560180664062,47.65898513793945,1350.052001953125,889.9837646484375,0.4516568183898926,0,person,32.333333333333336
924.51904296875,50.938232421875,1349.1177978515625,915.87841796875,0.6866053342819214,0,person,32.36666666666667
939.6141967773438,81.53792572021484,1349.4371337890625,922.939208984375,0.6453425288200378,0,person,32.4
963.3017578125,68.83285522460938,1348.96240234375,915.388671875,0.7435705065727234,0,person,32.43333333333333
997.1937255859375,47.789920806884766,1349.68212890625,872.99853515625,0.65790194272995,0,person,32.46666666666667
1027.3739013671875,18.540714263916016,1350.741943359375,794.477294921875,0.3369140923023224,0,person,32.5
1027.0025634765625,18.75020408630371,1350.6622314453125,794.2947387695312,0.3062005341053009,0,person,32.53333333333333
1132.053955078125,3.6989641189575195,1351.8792724609375,630.9669799804688,0.343075692653656,0,person,32.63333333333333
1184.7000732421875,543.2649536132812,1352.0,916.291015625,0.3657221794128418,0,person,32.86666666666667
1048.24560546875,395.83935546875,1308.2947998046875,735.8779907226562,0.2886003851890564,0,person,32.86666666666667
578.2754516601562,39.7948112487793,1352.0,917.8329467773438,0.29795998334884644,0,person,33.8
763.2830200195312,26.133026123046875,1352.0,923.2780151367188,0.32888203859329224,0,person,33.86666666666667
649.4140625,0.0,1158.0975341796875,146.55877685546875,0.30036112666130066,25,umbrella,33.9
641.6963500976562,0.0,1172.955810546875,135.39163208007812,0.273703008890152,25,umbrella,33.93333333333333
859.27197265625,38.58177185058594,1351.34033203125,915.213623046875,0.3177909553050995,0,person,34.0
676.8779296875,0.2523554265499115,1219.3377685546875,169.165771484375,0.31761375069618225,25,umbrella,34.03333333333333
1203.0364990234375,474.49066162109375,1351.98291015625,914.9915161132812,0.367462694644928,0,person,35.63333333333333
1156.7086181640625,436.1737365722656,1352.0,917.1530151367188,0.4357973337173462,0,person,35.666666666666664
1155.4312744140625,436.1808166503906,1352.0,917.7289428710938,0.43916165828704834,0,person,35.7
1044.47998046875,394.8974914550781,1350.45068359375,920.401611328125,0.570961594581604,0,person,35.733333333333334
1029.227783203125,361.3896484375,1352.0,919.8355102539062,0.5937803983688354,0,person,35.766666666666666
926.7525024414062,318.08319091796875,1348.92236328125,918.3598022460938,0.6003589034080505,0,person,35.8
863.7879638671875,281.51165771484375,1350.442626953125,916.2214965820312,0.4399782121181488,0,person,35.833333333333336
848.9519653320312,260.9634094238281,1349.9337158203125,917.7316284179688,0.5100357532501221,0,person,35.86666666666667
883.3370361328125,271.4402160644531,1347.677734375,919.9857788085938,0.4406493306159973,0,person,35.9
916.249267578125,305.382568359375,1350.1903076171875,916.03271484375,0.4707130491733551,0,person,35.93333333333333
925.6168823242188,322.0693664550781,1351.9571533203125,909.5261840820312,0.47912779450416565,0,person,35.96666666666667
993.9627075195312,343.5435791015625,1348.341552734375,914.1004638671875,0.4963955581188202,0,person,36.0
1016.7831420898438,379.5229187011719,1351.14013671875,912.5009765625,0.5569411516189575,0,person,36.03333333333333
1016.5057983398438,363.41253662109375,1352.0,915.0982666015625,0.5642778277397156,0,person,36.06666666666667
1019.9779052734375,363.400390625,1352.0,914.7228393554688,0.5825384259223938,0,person,36.1
1056.1746826171875,350.5716552734375,1352.0,913.196533203125,0.3600422143936157,0,person,36.13333333333333
1051.43603515625,351.13238525390625,1352.0,913.2862548828125,0.3687034249305725,0,person,36.166666666666664
1036.68359375,335.6461486816406,1352.0,915.4124145507812,0.41680124402046204,0,person,36.2
1008.8322143554688,327.03619384765625,1352.0,914.8037109375,0.3688919246196747,0,person,36.233333333333334
1010.647705078125,310.8887023925781,1352.0,908.2542114257812,0.44023939967155457,0,person,36.266666666666666
1012.3711547851562,298.44976806640625,1351.2880859375,907.9090576171875,0.43325310945510864,0,person,36.3
1014.2015380859375,274.79827880859375,1350.4818115234375,912.5994873046875,0.274811714887619,0,person,36.333333333333336
902.8990478515625,257.2849426269531,1350.0489501953125,913.427001953125,0.5239180326461792,0,person,36.36666666666667
880.4226684570312,248.63372802734375,1351.27783203125,919.115234375,0.5926629304885864,0,person,36.4
775.681640625,235.78579711914062,1348.7366943359375,922.1168823242188,0.6103275418281555,0,person,36.43333333333333
722.669921875,225.69784545898438,1343.881591796875,914.8125,0.5618470311164856,0,person,36.46666666666667
720.3012084960938,223.87615966796875,1344.99169921875,914.0579223632812,0.5455904006958008,0,person,36.5
635.0179443359375,230.41099548339844,1336.9112548828125,911.4178466796875,0.33115261793136597,0,person,36.53333333333333
781.7483520507812,247.30929565429688,1323.8082275390625,902.1708984375,0.34583204984664917,0,person,36.56666666666667
782.4095458984375,247.293212890625,1323.043212890625,901.8818969726562,0.3496922552585602,0,person,36.6
803.0023193359375,240.08876037597656,1325.0447998046875,886.699951171875,0.5015168786048889,0,person,36.63333333333333
821.896484375,247.6946258544922,1311.4716796875,880.0302734375,0.48468217253685,0,person,36.666666666666664
886.5603637695312,263.385986328125,1338.594970703125,889.8834838867188,0.5061434507369995,0,person,36.7
957.9947509765625,272.13409423828125,1351.0709228515625,911.6400146484375,0.4492694139480591,0,person,36.733333333333334
1015.5069580078125,336.54254150390625,1352.0,922.0682373046875,0.5411154627799988,0,person,36.766666666666666
1076.558837890625,395.7059020996094,1350.7606201171875,917.2432861328125,0.346000075340271,0,person,36.8
1124.0115966796875,449.8758544921875,1350.953857421875,915.025390625,0.3585192561149597,0,person,36.833333333333336
1158.159912109375,472.81512451171875,1350.580810546875,915.8843994140625,0.488226979970932,0,person,36.86666666666667
1157.058349609375,512.5120239257812,1351.187255859375,910.6901245117188,0.27016422152519226,0,person,37.233333333333334
1153.546142578125,518.62109375,1350.923828125,908.19873046875,0.3064703643321991,0,person,37.266666666666666
1204.9146728515625,594.7269287109375,1352.0,908.2119750976562,0.3585372865200043,0,person,37.56666666666667
1206.061767578125,591.4070434570312,1351.9083251953125,908.239501953125,0.3510298430919647,0,person,37.6
1176.8709716796875,551.1383666992188,1352.0,903.7069091796875,0.29987987875938416,0,person,38.166666666666664
1184.8533935546875,565.3369750976562,1351.7576904296875,902.345458984375,0.2946282923221588,0,person,38.2
1201.3392333984375,589.7274780273438,1351.6683349609375,913.61083984375,0.3144272565841675,0,person,38.233333333333334
5.810213088989258,15.021320343017578,1307.56298828125,909.8369140625,0.2643550634384155,0,person,38.4
0.0,9.310002326965332,1310.0194091796875,916.3922729492188,0.27218809723854065,0,person,38.43333333333333
2.5594592094421387,6.645652770996094,1296.7698974609375,921.7788696289062,0.34073033928871155,0,person,38.46666666666667
2.6642849445343018,9.578062057495117,1299.8914794921875,921.388916015625,0.34024983644485474,0,person,38.5
10.77892017364502,20.70704460144043,1286.3724365234375,915.153076171875,0.34071770310401917,0,person,38.53333333333333
0.0,26.151851654052734,1284.00390625,916.302734375,0.3096410632133484,0,person,38.56666666666667
0.0,25.113298416137695,1277.938232421875,918.4114990234375,0.2788268029689789,0,person,38.6
661.4100341796875,55.183380126953125,1350.1739501953125,922.5839233398438,0.44006553292274475,0,person,38.9
656.7864990234375,45.7764778137207,1352.0,919.9142456054688,0.36920011043548584,0,person,38.93333333333333
653.1016845703125,46.69966506958008,1352.0,920.0029296875,0.3445228636264801,0,person,38.96666666666667
653.8623046875,41.223236083984375,1352.0,924.091552734375,0.3095366954803467,0,person,39.0
651.8670043945312,41.650691986083984,1351.7022705078125,921.5928344726562,0.308941125869751,0,person,39.06666666666667
0.0,22.73557472229004,838.5792236328125,909.4097900390625,0.2672886550426483,0,person,39.06666666666667
675.6600341796875,53.29494094848633,1352.0,925.2827758789062,0.4643881022930145,0,person,39.1
674.5513916015625,45.17769241333008,1349.583740234375,924.2247314453125,0.32256972789764404,0,person,39.13333333333333
638.2988891601562,39.56478500366211,1350.813232421875,924.6922607421875,0.3303372859954834,0,person,39.166666666666664
1049.036865234375,434.46533203125,1352.0,926.0,0.3772282600402832,0,person,39.333333333333336
1040.0960693359375,327.1481628417969,1351.1773681640625,917.9739379882812,0.25095734000205994,0,person,39.36666666666667
1054.1805419921875,251.7178955078125,1351.0526123046875,873.22021484375,0.4789468050003052,0,person,39.4
1010.8408203125,209.27394104003906,1341.867919921875,807.019775390625,0.5082170367240906,0,person,39.43333333333333
1005.0958862304688,129.85662841796875,1345.215087890625,751.0687255859375,0.2634778320789337,0,person,39.46666666666667
774.6215209960938,76.53240966796875,1167.10888671875,684.0377197265625,0.3498796820640564,0,person,39.63333333333333
646.4725952148438,101.15917205810547,1067.0272216796875,723.1508178710938,0.2757279872894287,0,person,39.666666666666664
646.0313110351562,102.7185287475586,1066.899658203125,723.2053833007812,0.2866002321243286,0,person,39.7
451.3882141113281,183.53329467773438,937.0502319335938,849.790283203125,0.37397491931915283,0,person,39.766666666666666
491.6247253417969,259.51446533203125,950.8494262695312,892.5499877929688,0.4767966568470001,0,person,39.833333333333336
303.14935302734375,6.147264003753662,1129.100341796875,452.6592712402344,0.3062202036380768,25,umbrella,39.833333333333336
545.5396728515625,277.2763366699219,971.8762817382812,896.8535766601562,0.5349042415618896,0,person,39.86666666666667
557.77783203125,293.5278015136719,989.1285400390625,904.4856567382812,0.39773455262184143,0,person,39.9
552.0671997070312,305.5263366699219,1001.2550659179688,913.713134765625,0.5381770133972168,0,person,39.93333333333333
546.9026489257812,317.0334167480469,1021.2908935546875,919.3848266601562,0.6044136881828308,0,person,39.96666666666667
551.2847290039062,332.6956787109375,997.148193359375,923.3793334960938,0.7499053478240967,0,person,40.0
532.7283325195312,360.159423828125,981.742919921875,922.2196655273438,0.5855898261070251,0,person,40.03333333333333
368.3070068359375,5.56641960144043,1224.6527099609375,897.009521484375,0.26405367255210876,0,person,40.03333333333333
531.124267578125,387.2084045410156,985.1722412109375,921.747314453125,0.6094018816947937,0,person,40.06666666666667
